countyfips,mean_confirmed_7d_diff,mean_deaths_7d_diff
45001,3.2857142857142856,0.5714285714285714
22001,44.142857142857146,1.7142857142857142
51001,1.7142857142857142,0
16001,169,2.142857142857143
19001,0,0
21001,2.2857142857142856,0
29001,1.2857142857142858,0
40001,10,0.14285714285714285
8001,75.57142857142857,0.7142857142857143
16003,0.2857142857142857,0
17001,9.428571428571429,0
18001,2.142857142857143,0
19003,0.14285714285714285,0
28001,11.714285714285714,0.14285714285714285
31001,1.2857142857142858,0
39001,1.5714285714285714,0
42001,3.857142857142857,0.42857142857142855
53001,7.714285714285714,0.2857142857142857
55001,1.4285714285714286,0
50001,0,0
72001,0.7142857142857143,0
72003,2.857142857142857,0
72005,5.714285714285714,0
72007,2.142857142857143,0
72009,1.2857142857142858,0
45003,42,0.7142857142857143
27001,0.5714285714285714,0
12001,80,0.8571428571428571
37001,36.714285714285715,0.14285714285714285
6001,178.57142857142858,2.142857142857143
8003,1.8571428571428572,0.14285714285714285
36001,16.714285714285715,0.42857142857142855
56001,0.7142857142857143,0
51003,12.142857142857142,0
26001,0,0
28003,18,0.14285714285714285
2013,0,0
2016,0.2857142857142857,0
17003,0.42857142857142855,0
37003,5.285714285714286,0
51510,23.857142857142858,0.14285714285714285
40003,0.2857142857142857,0
26003,0.14285714285714285,0
19005,0.2857142857142857,0
26005,5.285714285714286,0
24001,3.142857142857143,0
36003,0.2857142857142857,0
37005,1.2857142857142858,0
51005,0.2857142857142857,0
42003,145.57142857142858,1.7142857142857142
18003,30.428571428571427,1.5714285714285714
20001,0.5714285714285714,0
21003,1.1428571428571428,0.14285714285714285
22003,35.42857142857143,0.42857142857142855
39003,13.142857142857142,0
45005,4.285714285714286,0
26007,0,0
6003,0,0
6005,3.142857142857143,0
51007,1.5714285714285714,0
51009,4.428571428571429,0
28005,5.142857142857143,0
72011,1.8571428571428572,0
2020,65,0
20003,0.2857142857142857,0
21005,1.7142857142857142,0
45007,43.714285714285715,2
47001,24.714285714285715,0.14285714285714285
48001,15.857142857142858,0.5714285714285714
29003,1.4285714285714286,0
48003,4.857142857142857,0.2857142857142857
23001,4.428571428571429,0.14285714285714285
48005,69.57142857142857,2.7142857142857144
24003,67.85714285714286,0.14285714285714285
27003,47.285714285714285,0.2857142857142857
37007,3.5714285714285716,0
31003,0.14285714285714285,0
26009,0.8571428571428571,0
4001,23.714285714285715,1.8571428571428572
19007,0.2857142857142857,0
13001,11.571428571428571,0.14285714285714285
51011,1.2857142857142858,0
48007,4.142857142857143,1
8005,78.71428571428571,1.4285714285714286
48009,0.2857142857142857,0
8007,1.4285714285714286,0
72013,5.714285714285714,0
26011,0.14285714285714285,0.14285714285714285
5001,4,0
51013,13.285714285714286,0
42005,6.714285714285714,0
48011,0.2857142857142857,0
23003,0.14285714285714285,0
72015,0.8571428571428571,0
31005,0,0
22005,47.857142857142854,0
37009,2.857142857142857,0
39005,2.142857142857143,0
55003,0.5714285714285714,0
5003,7,0
39007,5.285714285714286,0
53003,0.14285714285714285,0
22007,7.571428571428571,0.14285714285714285
48013,3.7142857142857144,1.2857142857142858
20005,1.4285714285714286,0
29005,0.7142857142857143,0
39009,6,0
13003,6.714285714285714,0
34001,21.285714285714285,0.5714285714285714
40005,1.5714285714285714,0
28007,6.285714285714286,0
29007,2.4285714285714284,0
19009,0.42857142857142855,0
39011,6.285714285714286,0
51015,2.4285714285714284,0.14285714285714285
46003,0.2857142857142857,0
48015,5.285714285714286,0.7142857142857143
1001,13.714285714285714,0
37011,3.142857142857143,0
22009,21.714285714285715,0.5714285714285714
8009,0,0
13005,6.571428571428571,0
48017,2.142857142857143,0.2857142857142857
12003,11,0
13007,1.1428571428571428,0
41001,1,0
1003,102.28571428571429,0.2857142857142857
13009,15.428571428571429,0.2857142857142857
21007,0.42857142857142855,0
24005,179.71428571428572,2.4285714285714284
24510,151.14285714285714,2
45009,9.142857142857142,1
48019,3.857142857142857,0.14285714285714285
13011,3.142857142857143,0
31007,0,0
16005,9.428571428571429,0.14285714285714285
26013,0,0
20007,0.14285714285714285,0
1005,7.285714285714286,0
54001,0.2857142857142857,0
72017,3.142857142857143,0
38003,0.5714285714285714,0
25001,11.285714285714286,0.14285714285714285
45011,10,0.2857142857142857
72019,4.142857142857143,0
21009,11.714285714285714,0
55005,7.857142857142857,0.2857142857142857
13013,25.857142857142858,0.2857142857142857
26015,1.7142857142857142,0
29009,5,0
18005,8,0.14285714285714285
20009,2.5714285714285716,0
29011,1.5714285714285714,0
13015,34,0.8571428571428571
48021,31.857142857142858,0.7142857142857143
29013,1.7142857142857142,0
21011,1.1428571428571428,0
51017,0.2857142857142857,0
5005,1.4285714285714286,0
12005,135.85714285714286,1
26017,6.857142857142857,0
72021,32.285714285714285,0
55007,0.8571428571428571,0
48023,0.42857142857142855,0
46005,1.7142857142857142,0
16007,0.42857142857142855,0
37013,14.857142857142858,0.2857142857142857
45013,86.28571428571429,1
22011,23.428571428571427,0.5714285714285714
40007,0.2857142857142857,0
42007,21.857142857142858,0.5714285714285714
30001,2.142857142857143,0
27005,4.428571428571429,0.14285714285714285
40009,1.5714285714285714,0
42009,2.4285714285714284,0
47003,12.857142857142858,0
51019,6.142857142857143,0
48025,21.285714285714285,0.8571428571428571
33001,0.5714285714285714,0
21013,10.428571428571429,0.14285714285714285
48027,50.57142857142857,1.1428571428571428
39013,1.2857142857142858,0.14285714285714285
27007,6.285714285714286,0
13017,5.428571428571429,0
16009,1.5714285714285714,0
46007,0,0
50003,0.2857142857142857,0
38005,6.142857142857143,0
8011,0,0
5007,54.57142857142857,1
18007,0.2857142857142857,0
19011,2.857142857142857,0
27009,2.5714285714285716,0
28009,3.142857142857143,0
29015,4,0.14285714285714285
41003,1.2857142857142858,0
47005,3,0
53005,51.42857142857143,0.42857142857142855
26019,0.8571428571428571,0
34003,41.285714285714285,2
45015,69.14285714285714,2.7142857142857144
54003,7.714285714285714,0.14285714285714285
42011,30.714285714285715,0.42857142857142855
25003,3.142857142857143,0
35001,88.85714285714286,1.5714285714285714
13019,5,0
26021,13.142857142857142,0.42857142857142855
37015,5.428571428571429,0
2050,0.14285714285714285,0
48029,731.7142857142857,33.57142857142857
1007,7.428571428571429,0
13021,67.14285714285714,1.7142857142857142
22013,3.2857142857142856,0.14285714285714285
30003,9.714285714285714,0
56003,0.14285714285714285,0
27011,0,0
38007,0,0
16011,5.428571428571429,0
19013,24.142857142857142,0.14285714285714285
18009,0.8571428571428571,0
37017,6.571428571428571,0.14285714285714285
16013,0.7142857142857143,0.14285714285714285
30005,0.14285714285714285,0
31009,0,0
40011,1.5714285714285714,0
42013,6,0.14285714285714285
48031,2.142857142857143,0.14285714285714285
51021,0,0
13023,2,0.2857142857142857
47007,1.4285714285714286,0
1009,18.285714285714285,0
47009,46.142857142857146,0.14285714285714285
27013,11.714285714285714,0.2857142857142857
16015,1.5714285714285714,0.14285714285714285
28011,29.571428571428573,0.42857142857142855
29017,1,0
46009,0,0
17005,1.8571428571428572,0.14285714285714285
16017,5.571428571428571,0
16019,31.142857142857142,0
5009,6.428571428571429,0
17007,7,0.2857142857142857
18011,6.428571428571429,0
19015,4.285714285714286,0
21015,13.571428571428571,0.14285714285714285
29019,37.857142857142854,0.14285714285714285
31011,0,0
54005,1,0
48035,4.571428571428571,0.2857142857142857
22015,38.714285714285715,1.5714285714285714
51023,1.7142857142857142,0
38009,0.42857142857142855,0
8013,21.571428571428573,0
16021,1.4285714285714286,0
20011,0.8571428571428571,0
21017,1.2857142857142858,0
48037,8.571428571428571,1.7142857142857142
38011,0.7142857142857143,0
31013,0.42857142857142855,0
21019,3.7142857142857144,0
31015,0,0
21021,7.285714285714286,0
21023,0.5714285714285714,0
12007,6,0.14285714285714285
42015,1.1428571428571428,0
5011,2.7142857142857144,0.14285714285714285
47011,36.285714285714285,0.2857142857142857
26023,1.7142857142857142,0
13025,5,0.14285714285714285
54007,0.14285714285714285,0
48039,142.85714285714286,2.5714285714285716
48041,48.57142857142857,-0.2857142857142857
21025,0.42857142857142855,0
21027,0.7142857142857143,0
19017,4,0
12009,106,4.571428571428571
48043,2.142857142857143,0.14285714285714285
48045,0.2857142857142857,0
25005,26.714285714285715,1.1428571428571428
44001,1,0
51520,2.7142857142857144,0
2060,0,0
30007,0.14285714285714285,0
54009,1.8571428571428572,0.14285714285714285
46011,0.8571428571428571,0
13027,6.857142857142857,0.14285714285714285
48047,3.2857142857142856,0.14285714285714285
36007,10.714285714285714,0.5714285714285714
8014,3,0.14285714285714285
12011,1297.142857142857,12.857142857142858
17009,0.14285714285714285,0
18013,1.5714285714285714,0
20013,0,0
27015,1.8571428571428572,0
31017,0,0
39015,2.5714285714285716,0
46013,2.4285714285714284,0
48049,6,0
55009,32.285714285714285,0.5714285714285714
46015,0,0
37019,16.285714285714285,0.2857142857142857
51025,3.2857142857142856,0
13029,14.285714285714286,0.14285714285714285
40013,14.857142857142858,0
19019,2.4285714285714284,0
29021,5.285714285714286,0.14285714285714285
51027,1.4285714285714286,0
51029,0.7142857142857143,0
42017,43.42857142857143,0.14285714285714285
19021,2.7142857142857144,0
51530,2.2857142857142856,0
31019,7.285714285714286,0
46017,0.14285714285714285,0
55011,1.1428571428571428,0
21029,8.857142857142858,0
13031,21.857142857142858,0.42857142857142855
1011,3.7142857142857144,0.14285714285714285
37021,40.285714285714285,0.5714285714285714
17011,3.857142857142857,0
13033,15.285714285714286,0
37023,21.285714285714285,0.42857142857142855
38013,0.8571428571428571,0
38015,34.857142857142854,0.2857142857142857
48051,4.142857142857143,0.7142857142857143
34005,29.428571428571427,0.7142857142857143
48053,25.571428571428573,0.5714285714285714
55013,1.1428571428571428,0
31021,-0.14285714285714285,0
1013,4.857142857142857,0.2857142857142857
19023,2,0
20015,6.857142857142857,0
21031,0.8571428571428571,0.14285714285714285
29023,8.428571428571429,0.2857142857142857
31023,0,0
39017,42,0.8571428571428571
42019,9.857142857142858,0
6007,29.714285714285715,0.2857142857142857
46019,0.14285714285714285,0
13035,7.142857142857143,0.14285714285714285
37025,31.857142857142858,0.42857142857142855
54011,8.714285714285714,0
72023,2.7142857142857144,0
22017,102.28571428571429,0.8571428571428571
40015,10.285714285714286,0.14285714285714285
72025,14.857142857142858,0
6009,0.7142857142857143,0
22019,161.57142857142858,2.2857142857142856
21033,0.14285714285714285,0
22021,3.2857142857142856,0
29025,0.7142857142857143,0
37027,28.714285714285715,0.2857142857142857
48055,24.714285714285715,1.7142857142857142
50005,0.14285714285714285,0
1015,51,0
5013,0.42857142857142855,0
12013,5.142857142857143,0
13037,0.5714285714285714,0
17013,0.2857142857142857,0
19025,0.7142857142857143,0
26025,5,0.14285714285714285
28013,10.714285714285714,0.42857142857142855
45017,7.142857142857143,0.5714285714285714
48057,24.857142857142858,-0.14285714285714285
54013,0.14285714285714285,0
48059,0.2857142857142857,0.14285714285714285
29027,2.7142857142857144,0
21035,2.857142857142857,0
55015,4.428571428571429,0
24009,8.142857142857142,0
16025,0,0
42021,7.285714285714286,0
13039,18.714285714285715,0.14285714285714285
29029,18.142857142857142,0.14285714285714285
34007,42.857142857142854,1.2857142857142858
37029,0.8571428571428571,0
22023,1.7142857142857142,0
42023,0,0
48061,284,23.571428571428573
48063,3,0.2857142857142857
21037,8.428571428571429,0
46021,0,0
47013,7.142857142857143,0
51031,5.285714285714286,0
56005,2,0
72027,2.7142857142857144,0
40017,32.42857142857143,0.14285714285714285
13043,6.857142857142857,0.14285714285714285
47015,4.285714285714286,0
72029,6.285714285714286,0
16027,120,1.7142857142857142
29031,12.428571428571429,0
34009,5.714285714285714,0.5714285714285714
30009,0.8571428571428571,0
42025,3.4285714285714284,0
56007,3.857142857142857,0
16029,0,0
21039,0.42857142857142855,0
27017,1.4285714285714286,0
72031,23,0
24011,7,0
51033,1.8571428571428572,0
5015,5.285714285714286,0
13045,32.42857142857143,0
17015,1.7142857142857142,0
18015,0.2857142857142857,0
19027,3.2857142857142856,0
21041,1.4285714285714286,0
24013,15.142857142857142,0
28015,1.7142857142857142,0
29033,4.285714285714286,0
33003,1.5714285714285714,0.14285714285714285
39019,1.8571428571428572,0.14285714285714285
47017,9.428571428571429,0
51035,2.857142857142857,0.14285714285714285
48065,0.14285714285714285,0
32510,4.285714285714286,0.14285714285714285
21043,1.8571428571428572,0
29035,0.14285714285714285,0
40019,6.142857142857143,0
47019,14.571428571428571,0.2857142857142857
37031,13,0
27019,13.857142857142858,0
30013,6.285714285714286,0
21045,3.2857142857142856,0.2857142857142857
17017,2.4285714285714284,0
18017,7.714285714285714,0
19029,0.8571428571428571,0
26027,5,0.14285714285714285
27021,1.5714285714285714,0
29037,29,0
31025,4.285714285714286,0
38017,24,0.14285714285714285
48067,6.857142857142857,0.2857142857142857
16031,7,0
48069,2,0.14285714285714285
37033,0.7142857142857143,0
22025,1.4285714285714286,0
72033,4.714285714285714,0
37035,29.285714285714285,0.42857142857142855
13047,9,0
35003,0,0
36009,0.8571428571428571,0
38019,0.7142857142857143,0
72035,2.857142857142857,0
36011,1.2857142857142858,0
24015,5.857142857142857,0
19031,1,0
29039,0.42857142857142855,0
31027,0,0
72037,1.2857142857142858,0
42027,10.142857142857142,0.14285714285714285
19033,13.571428571428571,0.2857142857142857
8015,9.428571428571429,0
1017,6.714285714285714,0.7142857142857143
48071,13.857142857142858,-0.42857142857142855
17019,23.142857142857142,0.14285714285714285
39021,2.142857142857143,0
29041,0.2857142857142857,0
24017,18.571428571428573,0
51036,0,0
46023,0.14285714285714285,0
45019,162.14285714285714,5.857142857142857
26029,0.2857142857142857,0
12015,40.57142857142857,0.2857142857142857
51037,1.1428571428571428,0
51540,10.571428571428571,0
13049,13.142857142857142,0.14285714285714285
20017,0,0
31029,0,0
13051,128.85714285714286,2
37037,10.285714285714286,0.2857142857142857
13053,2,0
13055,8.285714285714286,0
20019,0,0
36013,1.8571428571428572,0.2857142857142857
35005,9.428571428571429,0
47021,12,0
26031,0.42857142857142855,0
53007,26,0.2857142857142857
36015,0.7142857142857143,0.14285714285714285
36017,2.142857142857143,0
1019,4.857142857142857,0
13057,53.857142857142854,0.2857142857142857
19035,1,0
20021,0.5714285714285714,0
37039,10.428571428571429,0.14285714285714285
40021,14.428571428571429,0
45021,20.285714285714285,1.2857142857142858
48073,21.285714285714285,0.2857142857142857
31031,0.2857142857142857,0
51550,69.42857142857143,0.2857142857142857
33005,0.7142857142857143,0
42029,51.142857142857146,0.2857142857142857
45023,14.285714285714286,0.2857142857142857
47023,5.714285714285714,0
45025,12.571428571428571,0.42857142857142855
51041,36.857142857142854,0.14285714285714285
8017,0,0
20023,0,0
31033,0.2857142857142857,0
19037,1.2857142857142858,0
28017,6.857142857142857,0
5017,9.571428571428571,0.14285714285714285
48075,2.5714285714285716,0
1021,17.571428571428573,0.2857142857142857
26033,0.2857142857142857,0
27023,0.42857142857142855,0
55017,4.714285714285714,0
27025,4,0
50007,2.7142857142857144,0
1023,3.7142857142857144,0
28019,2.2857142857142856,0
40023,1.4285714285714286,0
30015,0,0
37041,5.857142857142857,0
17021,3.4285714285714284,0
21047,7.714285714285714,0.14285714285714285
29043,12,0
32001,1.1428571428571428,0
72039,3.7142857142857144,0
35006,3,0
72041,3.5714285714285716,0
40025,0,0
12017,35.57142857142857,0.42857142857142855
41005,20,0.42857142857142855
22027,3.2857142857142856,0
28021,4.428571428571429,0.14285714285714285
47025,6.428571428571429,0
53009,2,0
26035,2,0
45027,15.714285714285714,0.2857142857142857
42031,0.42857142857142855,0
5019,5.714285714285714,0
16033,0,0
17023,1.8571428571428572,0
18019,20.571428571428573,0
20025,0.42857142857142855,0
21049,1.4285714285714286,0
29045,0,0
32003,929.8571428571429,10.428571428571429
39023,14.142857142857142,0.14285714285714285
46025,0,0
53011,17.428571428571427,0.5714285714285714
55019,2.7142857142857144,0
1025,6.428571428571429,0.2857142857142857
13059,31.571428571428573,0
19039,1.2857142857142858,0
28023,3.5714285714285716,0
51043,0,0
41007,0.5714285714285714,0
1027,6.428571428571429,0.2857142857142857
5021,1.5714285714285714,0.14285714285714285
12019,59.714285714285715,0.5714285714285714
13061,0.2857142857142857,0
17025,0.14285714285714285,0
18021,2.142857142857143,0
19041,0.8571428571428571,0
20027,0.5714285714285714,0
21051,2.4285714285714284,0
27027,5.571428571428571,0
28025,5.857142857142857,0
29047,19.714285714285715,0.8571428571428571
31035,0.8571428571428571,0
37043,3,0
46027,1.1428571428571428,0
47027,1.8571428571428572,0
48077,1,0.14285714285714285
54015,0,0
13063,87,1.1428571428571428
19043,3.142857142857143,0
8019,0.2857142857142857,0
42033,2.2857142857142856,0
16035,1,0
27029,0.14285714285714285,0
1029,3.5714285714285716,0
5023,2.2857142857142856,0
39025,13.714285714285714,0.14285714285714285
5025,2.2857142857142856,0.14285714285714285
37045,26.285714285714285,0.2857142857142857
40027,64.14285714285714,0.2857142857142857
13065,4.142857142857143,0
17027,5.428571428571429,0
18023,2.142857142857143,0
19045,9,0
21053,0.42857142857142855,0
26037,6.857142857142857,0
29049,2.142857142857143,0
36019,1.2857142857142858,0
39027,3,0.2857142857142857
42035,0.8571428571428571,0
20029,0.2857142857142857,0
28027,17.714285714285715,0
40029,1.1428571428571428,0
72043,3.857142857142857,0
13067,242,3.5714285714285716
4003,19.285714285714285,2
48079,0.7142857142857143,0
47029,13.428571428571429,0
4005,19.285714285714285,0.7142857142857143
46029,0.7142857142857143,0
1031,13.571428571428571,0.14285714285714285
13069,23.571428571428573,0.5714285714285714
47031,14,0
20031,0.5714285714285714,0
48081,3.5714285714285716,0
1033,20.857142857142858,0.2857142857142857
29051,11.571428571428571,0
48083,0.42857142857142855,0
17029,10.285714285714286,0.42857142857142855
31037,0.2857142857142857,0
35007,0.2857142857142857,0
45029,12.714285714285714,0.14285714285714285
12021,141.85714285714286,1.5714285714285714
48085,68.85714285714286,0.2857142857142857
48087,0,0
51570,1.1428571428571428,0
48089,3.142857142857143,0.14285714285714285
13071,9.857142857142858,0.14285714285714285
5027,4,0.14285714285714285
12023,118.42857142857143,0.7142857142857143
13073,45,0.42857142857142855
36021,1.2857142857142858,0
41009,1,0
42037,2.4285714285714284,0
53013,0.42857142857142855,0
55021,4.571428571428571,0
39029,5.857142857142857,-0.2857142857142857
37047,7.714285714285714,0.5714285714285714
6011,8.285714285714286,0.2857142857142857
48091,31.714285714285715,2.5714285714285716
20033,0,0
40031,16.571428571428573,0
48093,5.142857142857143,0.14285714285714285
72045,1.5714285714285714,0
48095,0.5714285714285714,0.14285714285714285
22029,5,0
1035,6.428571428571429,0
8021,0,0
6013,196.14285714285714,0.8571428571428571
56009,0,0
5029,1.2857142857142858,0
13075,7,0
17031,568.1428571428571,9.857142857142858
27031,0,0
48097,4.142857142857143,0.42857142857142855
29053,4.428571428571429,0
33007,0.2857142857142857,0
41011,1.4285714285714286,0
1037,2,0.14285714285714285
28029,10.714285714285714,0.14285714285714285
72047,5,0
46031,0.14285714285714285,0
36023,2.2857142857142856,0
48099,18.571428571428573,0.2857142857142857
39031,1.8571428571428572,0.14285714285714285
8023,0,0
48101,0.42857142857142855,0.14285714285714285
40033,0.7142857142857143,0
27033,1.2857142857142858,0
1039,10.714285714285714,0.42857142857142855
28031,10.428571428571429,0.14285714285714285
51580,0.42857142857142855,0
13077,27.285714285714285,0
20035,3.142857142857143,0
53015,7.142857142857143,0.42857142857142855
40035,3,0
51045,0.5714285714285714,0
5031,30.142857142857142,0.42857142857142855
48103,0.14285714285714285,-1.1428571428571428
37049,11.714285714285714,0
5033,14.714285714285714,0
13079,2.142857142857143,0
17033,0.5714285714285714,0
18025,0.42857142857142855,0
19047,2,0
20037,3.2857142857142856,0
26039,0.8571428571428571,0
29055,0.42857142857142855,0
39033,0.8571428571428571,0
42039,0.8571428571428571,0
55023,0.7142857142857143,0
40037,20.285714285714285,0.42857142857142855
1041,5.142857142857143,0
13081,1.1428571428571428,0.14285714285714285
5035,20.142857142857142,0.2857142857142857
21055,0.2857142857142857,0
47033,8.428571428571429,0
48105,3.5714285714285716,0.14285714285714285
41013,0.7142857142857143,0
56011,0,0
48107,2.142857142857143,-0.14285714285714285
5037,4.857142857142857,0
27035,4.285714285714286,0
8025,0,0
48109,0.2857142857142857,0.14285714285714285
72049,0.7142857142857143,0
1043,22.857142857142858,0.42857142857142855
51047,3.2857142857142856,0
17035,0.2857142857142857,0.14285714285714285
21057,1.4285714285714286,0
23005,7.571428571428571,0
34011,11.142857142857142,0.2857142857142857
37051,65.28571428571429,0.2857142857142857
42041,17,0.14285714285714285
47035,9.142857142857142,0
51049,0.42857142857142855,0
31039,0.8571428571428571,0
37053,2.4285714285714284,0
35009,11.857142857142858,0.14285714285714285
41015,0.5714285714285714,0
8027,0,0
16037,0,0
30017,0.8571428571428571,0.2857142857142857
31041,0.42857142857142855,0
40039,5.857142857142857,0
46033,0.14285714285714285,0
39035,158.57142857142858,4.142857142857143
13083,1.7142857142857142,0
29057,1,0
27037,61,0.2857142857142857
31043,2.857142857142857,0.2857142857142857
1045,22.285714285714285,1.8571428571428572
48111,3.2857142857142856,0.5714285714285714
1047,9.285714285714286,1.1428571428571428
5039,4,0
19049,13.714285714285714,0
29059,1.7142857142857142,0
48113,714.5714285714286,12.142857142857142
55025,45.42857142857143,0.2857142857142857
51590,10.428571428571429,0
37055,3.142857142857143,0
39037,2.142857142857143,0
45031,23.714285714285715,1.5714285714285714
42043,19.857142857142858,0.42857142857142855
37057,15.142857142857142,0
47037,261.7142857142857,3.142857142857143
37059,2.7142857142857144,0
18027,5.428571428571429,0.2857142857142857
21059,10.714285714285714,0
29061,0.42857142857142855,0
19051,0.2857142857142857,0
49011,52.714285714285715,0.5714285714285714
46035,1.4285714285714286,0
31045,0,0
13085,5.571428571428571,0
30021,0.14285714285714285,0
31047,4.285714285714286,0.14285714285714285
48115,3,0.42857142857142855
46037,0.2857142857142857,0
35011,0,0
22031,10.142857142857142,0.14285714285714285
17039,0.2857142857142857,0
1049,25.857142857142858,0.14285714285714285
13089,220.57142857142858,2.5714285714285716
17037,10.142857142857142,0.2857142857142857
18033,3.7142857142857144,0
29063,1.1428571428571428,0
47041,12.142857142857142,0
12027,18.285714285714285,0
28033,27.714285714285715,0.14285714285714285
48123,27.857142857142858,0.7142857142857143
48117,7.285714285714286,-0.14285714285714285
18029,10.714285714285714,0.2857142857142857
13087,20.428571428571427,0
18031,2.7142857142857144,0
19053,0.2857142857142857,0
20039,0.14285714285714285,0
47039,6.857142857142857,0
30023,0.8571428571428571,0
39039,5.428571428571429,0
6015,2.857142857142857,0
18035,8.142857142857142,0
19055,1.8571428571428572,0
36025,0.8571428571428571,0
39041,19.428571428571427,0.2857142857142857
40041,11.285714285714286,0
42045,75.28571428571429,1.1428571428571428
8029,1.4285714285714286,0
26041,1.4285714285714286,0
48119,0.14285714285714285,0
2068,0,0
29065,-0.14285714285714285,0
48121,158.57142857142858,3.7142857142857144
8031,122.14285714285714,1.1428571428571428
19057,2.142857142857143,0
41017,14.285714285714286,0.5714285714285714
5041,2.4285714285714284,0.14285714285714285
31049,0,0
46039,0.42857142857142855,0
40043,0,0
46041,1.1428571428571428,0
48125,0,0.14285714285714285
51051,0.8571428571428571,0
38021,0.2857142857142857,0
19059,2.2857142857142856,0
20041,0.7142857142857143,0
26043,1.1428571428571428,0
47043,16,0.14285714285714285
45033,8.714285714285714,0.2857142857142857
48127,5.428571428571429,0
51053,3.4285714285714284,0
11001,74,0.42857142857142855
38023,0,0
12029,5.571428571428571,0
31051,0,0
13091,4.428571428571429,0
27039,0.7142857142857143,0
31053,3.4285714285714284,0
55027,7.142857142857143,0
8033,-0.14285714285714285,0
35013,42.285714285714285,0.7142857142857143
20043,1,0
48129,1,0
13093,1.1428571428571428,0
55029,1,0
72051,5.428571428571429,0
24019,10.428571428571429,0
45035,49.285714285714285,2.4285714285714284
13095,21.428571428571427,1.1428571428571428
8035,25.857142857142858,0.2857142857142857
13097,44.57142857142857,0.7142857142857143
17041,2.4285714285714284,0.2857142857142857
20045,11.142857142857142,0.2857142857142857
27041,1.8571428571428572,0
29067,3.142857142857143,0.14285714285714285
31055,130,1
32005,5.428571428571429,0
41019,4.142857142857143,0
46043,0.14285714285714285,0
53017,19.571428571428573,0.2857142857142857
55031,3,0
5043,4.285714285714286,0
17043,84.42857142857143,1.4285714285714286
18037,17.714285714285715,0.42857142857142855
19061,21,0.2857142857142857
31057,0,0
29069,8.285714285714286,0
38025,-0.14285714285714285,0
55033,3.4285714285714284,0
37061,14.285714285714286,1
37063,56.857142857142854,0.42857142857142855
36027,9.571428571428571,0.14285714285714285
12031,370.57142857142856,5.857142857142857
48131,5.285714285714286,0.14285714285714285
47045,10.571428571428571,0
8037,18.285714285714285,0
13099,-0.2857142857142857,0
22033,207.85714285714286,3.5714285714285716
22035,1,0
22037,11,0.14285714285714285
48133,1,0.14285714285714285
26045,6.142857142857143,0
55035,4.857142857142857,0.14285714285714285
13101,1,0
48135,105,1.2857142857142858
35015,5.285714285714286,0.14285714285714285
38027,1.1428571428571428,0
17045,1,0
37065,10,0
45037,9.142857142857142,0.2857142857142857
21061,0.42857142857142855,0
46045,0,0
17047,0.14285714285714285,0
20047,0.2857142857142857,0
48137,1,0
13103,17.285714285714285,0
17049,3,0
6017,13,0
8041,82.71428571428571,0.7142857142857143
48141,215.85714285714286,4.714285714285714
8039,1.1428571428571428,0
13105,7.571428571428571,0
20049,0,0
42047,0.2857142857142857,0
18039,45.57142857142857,0.5714285714285714
32007,12.142857142857142,0
21063,0,0
20051,3.5714285714285716,0
40045,0.2857142857142857,0
48139,34.57142857142857,1.7142857142857142
20053,0.14285714285714285,0
1051,26.428571428571427,1
16039,3.857142857142857,0
13107,14,0
19063,4,0.14285714285714285
26047,1.1428571428571428,0
38029,0.7142857142857143,0
51595,1.5714285714285714,0
48143,5.571428571428571,0.2857142857142857
36029,36.857142857142854,0.8571428571428571
39043,11.142857142857142,0.2857142857142857
42049,9.428571428571429,0.2857142857142857
1053,26.142857142857142,0
12033,168,3.2857142857142856
32009,0,0
25009,35.57142857142857,3.4285714285714284
34013,31.857142857142858,1.1428571428571428
36031,0.5714285714285714,0
50009,0,0
51057,0.42857142857142855,0.14285714285714285
21065,0.2857142857142857,0
1055,43,0.2857142857142857
32011,0,0
22039,18.857142857142858,0
13109,11.428571428571429,0.14285714285714285
2090,8.142857142857142,0.42857142857142855
51059,73.57142857142857,1.2857142857142858
51600,0.5714285714285714,0
9001,53,0.5714285714285714
39045,24,0.42857142857142855
45039,6.428571428571429,0
72053,4.857142857142857,0
46047,0,0
30025,0.14285714285714285,0
48145,4.428571428571429,0.14285714285714285
51610,-0.14285714285714285,0
13111,6.285714285714286,0
48147,3,-0.14285714285714285
27043,0.42857142857142855,0
46049,0.2857142857142857,0
5045,25.714285714285715,0
51061,4.571428571428571,0
1057,4.142857142857143,0
13113,23.142857142857142,0.2857142857142857
17051,0.7142857142857143,0
18041,2.2857142857142856,0
19065,1,0
21067,46.42857142857143,0.5714285714285714
39047,1.2857142857142858,0
42051,8.142857142857142,0
47047,10.285714285714286,0.14285714285714285
48149,15.714285714285714,1.1428571428571428
54019,2.7142857142857144,0.14285714285714285
47049,2.2857142857142856,0
30027,0.14285714285714285,0
53019,0.7142857142857143,0
27045,1.2857142857142858,0
31059,0.14285714285714285,-0.14285714285714285
20055,6.428571428571429,0
48151,0.14285714285714285,0
12035,22.142857142857142,0.42857142857142855
30029,8.428571428571429,0
21069,0.8571428571428571,0
45041,67.85714285714286,3
55037,0,0
72054,5,0
13115,30.571428571428573,0
18043,15.428571428571429,0
19067,0.14285714285714285,0
21071,2,0
48153,1.4285714285714286,0
51063,0.14285714285714285,0
51065,2.2857142857142856,0
48155,0,0
55039,7.428571428571429,0.14285714285714285
17053,0.7142857142857143,0
20057,2.142857142857143,0
42053,0.2857142857142857,0
55041,1,0
28035,33.142857142857146,0.42857142857142855
13117,39.57142857142857,0.14285714285714285
37067,51,0.42857142857142855
48157,111,7.714285714285714
38031,1.1428571428571428,0
18045,2,0
1059,9.571428571428571,0.5714285714285714
5047,3.7142857142857144,0.14285714285714285
12037,2.142857142857143,0.14285714285714285
13119,4.428571428571429,0
16041,1.2857142857142858,0
17055,3.7142857142857144,0
18047,3.5714285714285716,0
19069,4.285714285714286,0.2857142857142857
20059,2.857142857142857,0
21073,4.714285714285714,0
22041,12.857142857142858,0.14285714285714285
23007,0.14285714285714285,0
25011,1.1428571428571428,0.2857142857142857
28037,2.857142857142857,0
29071,12.428571428571429,0
31061,0.14285714285714285,0
36033,0.7142857142857143,0
37069,16,0.2857142857142857
39049,230,3
42055,18.142857142857142,0
47051,7.428571428571429,0
48159,1.5714285714285714,0
50011,0.5714285714285714,0
51067,3,0
53021,39.57142857142857,0.2857142857142857
51620,2.5714285714285716,0.14285714285714285
24021,20.857142857142858,0
51069,6.285714285714286,0
51630,5.428571428571429,0.2857142857142857
27047,2.142857142857143,0
48161,4.142857142857143,0
8043,2.2857142857142856,0
16043,1.5714285714285714,0
19071,1.5714285714285714,0
56013,3.857142857142857,0
6019,319.85714285714283,1.1428571428571428
48163,7.428571428571429,0.5714285714285714
31063,0,0
5049,0.7142857142857143,0
13121,386.14285714285717,3.5714285714285716
17057,0.42857142857142855,0
18049,3.2857142857142856,-0.14285714285714285
21075,1.4285714285714286,0
36035,0.42857142857142855,0
39051,4.428571428571429,0
42057,0.2857142857142857,0.14285714285714285
31065,0.2857142857142857,0
12039,44.57142857142857,0.14285714285714285
31067,0.8571428571428571,0
48165,5.571428571428571,0
51640,3,0
17059,2.5714285714285716,0
21077,0.5714285714285714,0
30031,24.571428571428573,0
39053,1.8571428571428572,0
48167,144.71428571428572,3.4285714285714284
31069,0,0
8045,14.571428571428571,0
30033,0.14285714285714285,0
31071,0,0
40047,17.571428571428573,0.2857142857142857
53023,0,0
5051,27.714285714285715,0.2857142857142857
21079,2.4285714285714284,0
24023,2,0
40049,4.714285714285714,0.14285714285714285
48169,1.7142857142857142,0
29073,0,0
37071,59.714285714285715,1.1428571428571428
37073,0.5714285714285714,0
20061,4.142857142857143,0.14285714285714285
39055,5.857142857142857,0
16045,4.571428571428571,0
26049,26.571428571428573,0.14285714285714285
36037,1.1428571428571428,0
1061,6.285714285714286,0
29075,1.4285714285714286,0
28039,9.142857142857142,0.2857142857142857
45043,17.857142857142858,0.7142857142857143
18051,3.4285714285714284,0
47053,19.714285714285715,0
4007,18.285714285714285,0.2857142857142857
12041,8.285714285714286,0.14285714285714285
47055,12.285714285714286,0.7142857142857143
51071,0.2857142857142857,0
48171,5.857142857142857,0.2857142857142857
41021,0.14285714285714285,0
13123,13.142857142857142,0.14285714285714285
54021,0.14285714285714285,0
8047,0,0
30035,2.2857142857142856,0.14285714285714285
12043,14.571428571428571,0.14285714285714285
26051,2.142857142857143,0
13125,0.42857142857142855,0
48173,0,0
6021,9.428571428571429,0
34015,20.571428571428573,0.7142857142857143
51073,4.142857142857143,0
13127,38.42857142857143,1.5714285714285714
26053,2.7142857142857144,0
30037,0,0
38033,0.2857142857142857,0
48175,5,0.2857142857142857
48177,17.428571428571427,0.5714285714285714
51075,1,0.14285714285714285
27049,1.1428571428571428,0
16047,3.857142857142857,0
13129,25.714285714285715,0.42857142857142855
56015,0.14285714285714285,0
31073,0.14285714285714285,0
20063,0.14285714285714285,0
13131,9.285714285714286,0
40051,10.142857142857142,0.14285714285714285
33009,0.5714285714285714,0
4009,17.142857142857142,0.2857142857142857
20065,0.7142857142857143,0
37075,1.2857142857142858,0
47057,5.571428571428571,0
8049,0.42857142857142855,0
38035,8,0
50013,0,0
26055,5.285714285714286,0
30039,0,0
5053,4,0
18053,8.428571428571429,0.14285714285714285
20067,1.4285714285714286,0
21081,1.1428571428571428,0
22043,10.857142857142858,0
27051,1.1428571428571428,0
31075,0,0
35017,1.4285714285714286,0.14285714285714285
38037,0,0
40053,0.7142857142857143,0
41023,0.14285714285714285,0
46051,0.14285714285714285,0
53025,22.714285714285715,0.5714285714285714
54023,2.4285714285714284,0
55043,6.714285714285714,0
37077,10.857142857142858,0
26057,2,0
21083,8.428571428571429,0
20069,2.4285714285714284,0
48179,2.4285714285714284,-0.14285714285714285
53027,2.7142857142857144,0
21085,0.7142857142857143,0
48181,11,0.2857142857142857
51077,2,0
20071,0,0
31077,0.2857142857142857,0
21087,0.2857142857142857,0
55045,0.42857142857142855,0
55047,0.14285714285714285,0
54025,0.42857142857142855,0
1063,1.8571428571428572,0.2857142857142857
5055,8.857142857142858,0.14285714285714285
13133,7.285714285714286,0.14285714285714285
17061,0.5714285714285714,0
18055,2.4285714285714284,0.14285714285714285
19073,0,0
28041,5.714285714285714,0
29077,43.42857142857143,0.14285714285714285
36039,1.5714285714285714,0
37079,3.2857142857142856,0
39057,11.857142857142858,0.14285714285714285
42059,1.2857142857142858,0
47059,8.857142857142858,0.14285714285714285
51079,4.857142857142857,0
4011,1.8571428571428572,0
51081,3,0
21089,2.142857142857143,0
45045,128.14285714285714,4.142857142857143
20073,0.42857142857142855,0
45047,15.571428571428571,0.42857142857142855
40055,1.1428571428571428,0
48183,22.428571428571427,0.7142857142857143
46053,0.14285714285714285,0
28043,7.714285714285714,0.42857142857142855
38039,2,0
48185,12.142857142857142,2.2857142857142856
17063,5.571428571428571,0
19075,1.1428571428571428,0
29079,0.2857142857142857,0
47061,2.2857142857142856,0
35019,0.7142857142857143,0
48187,25.428571428571427,4.285714285714286
72055,0.14285714285714285,0
72057,2.2857142857142856,0
72059,2.5714285714285716,0
72061,12.571428571428571,0
39059,1.7142857142857142,0
37081,78.28571428571429,0.7142857142857143
12045,10.428571428571429,0
8051,2.857142857142857,0
72063,4,0
19077,2,0
13135,291,1.8571428571428572
46055,0,0
13137,12.142857142857142,0.8571428571428571
2100,0.14285714285714285,0
1065,4.142857142857143,0.14285714285714285
48189,24.142857142857142,0.14285714285714285
37083,12.285714285714286,0.14285714285714285
51083,2.5714285714285716,0
13139,69.85714285714286,0.42857142857142855
31079,4.428571428571429,-0.14285714285714285
48191,0.7142857142857143,0
47063,46.142857142857146,0.5714285714285714
12047,6.571428571428571,0.14285714285714285
17065,0.2857142857142857,0
18057,42.42857142857143,0.14285714285714285
19079,2,0
20075,0.14285714285714285,0
31081,1.2857142857142858,0
36041,0.14285714285714285,0
39061,87.57142857142857,2
47065,118.42857142857143,0.5714285714285714
48193,1,0
46057,0.14285714285714285,0
25013,24.857142857142858,1.4285714285714286
25015,5.428571428571429,0.2857142857142857
54027,2,0
45049,12.571428571428571,0.2857142857142857
51650,26.714285714285715,0
13141,4,0.14285714285714285
17067,0.7142857142857143,0
18059,8.571428571428571,0.14285714285714285
19081,3,0
21091,0.8571428571428571,0
23009,-0.14285714285714285,0
28045,11.285714285714286,0
39063,18.428571428571427,0
47067,4.571428571428571,0
54029,3.7142857142857144,0
46059,0,0
51085,6.285714285714286,0
48195,0.7142857142857143,0
46061,0.42857142857142855,0
13143,5.714285714285714,0
12049,12.571428571428571,0.2857142857142857
47069,21.285714285714285,0.5714285714285714
48197,0.7142857142857143,0
17069,1.2857142857142858,0
19083,4.285714285714286,0
21093,11.714285714285714,0.14285714285714285
39065,0.8571428571428571,0
47071,16.142857142857142,0
48199,23.714285714285715,0.42857142857142855
35021,0,0
54031,0.14285714285714285,0
24025,28,0.14285714285714285
21095,10,0.14285714285714285
31083,0,0
40057,0.7142857142857143,0
37085,20.428571428571427,0.42857142857142855
41025,0.42857142857142855,0
20077,0.2857142857142857,0
40059,0.42857142857142855,0
13145,8.285714285714286,0
48201,1314,15.714285714285714
18061,3.857142857142857,0
19085,1.8571428571428572,0
21097,1.7142857142857142,0
28047,49.57142857142857,1
29081,1,0
39067,0.42857142857142855,0
48203,10,-1.5714285714285714
54033,3.4285714285714284,0
51660,3.5714285714285716,0
13147,7.714285714285714,0
21099,1.8571428571428572,0
9003,42.857142857142854,0.7142857142857143
48205,1.4285714285714286,0
20079,3.2857142857142856,0
20081,1.8571428571428572,0
40061,1,0
48207,0.7142857142857143,0
72065,1.4285714285714286,0
15001,0.2857142857142857,0
47073,12.714285714285714,0
31085,0,0
48209,34.42857142857143,1
37087,7.857142857142857,0
47075,16.571428571428573,0
13149,2.2857142857142856,0
48211,1.8571428571428572,0
5057,6.571428571428571,0
17071,0.14285714285714285,0
21101,6.428571428571429,0
37089,26.285714285714285,0.14285714285714285
47077,20.428571428571427,0
48213,12.571428571428571,0.42857142857142855
18063,13.285714285714286,-0.14285714285714285
12051,25.714285714285715,0.42857142857142855
27053,219.42857142857142,0.8571428571428571
51087,48.42857142857143,0.14285714285714285
1067,4.285714285714286,0
13151,62.285714285714285,0.5714285714285714
17073,4.571428571428571,0
18065,3.142857142857143,0
19087,1,0
21103,2.5714285714285716,0
29083,2.2857142857142856,0
39069,3.2857142857142856,0.14285714285714285
47079,7.428571428571429,0.14285714285714285
51089,6.857142857142857,0
36043,4,0
12053,41.714285714285715,1.2857142857142858
37091,5.142857142857143,0
38041,0,0
21105,0.42857142857142855,0
47081,5,0
29085,1.7142857142857142,0
35023,0.7142857142857143,0
48215,424.57142857142856,21.285714285714285
39071,3.7142857142857144,0
51091,0,0
12055,42,1.1428571428571428
30041,0.8571428571428571,0
48217,12.285714285714286,-0.14285714285714285
12057,467.57142857142856,9.428571428571429
33011,19.285714285714285,0.7142857142857143
26059,2,0
28049,128.85714285714286,2.5714285714285716
8053,0,0
31087,0,0
39073,1,0
48219,5.142857142857143,0.14285714285714285
20083,0.14285714285714285,0
37093,11,0.14285714285714285
12059,10.857142857142858,0
28051,16.571428571428573,0.2857142857142857
39075,2.2857142857142856,0
29087,0.42857142857142855,0
31089,0.2857142857142857,0
15003,45.57142857142857,0.2857142857142857
48221,9.571428571428571,0.14285714285714285
41027,2.2857142857142856,0
31091,0,0
51670,2.5714285714285716,0
21107,2.857142857142857,0
48223,2.857142857142857,0
72067,1.2857142857142858,0
45051,102,3.5714285714285716
5059,7,0.7142857142857143
56017,0.42857142857142855,0
26061,1.2857142857142858,0
1069,33.857142857142854,0.42857142857142855
13153,39.714285714285715,1.1428571428571428
27055,0.5714285714285714,0
47083,1.5714285714285714,0
48225,2.5714285714285716,0.5714285714285714
5061,11.285714285714286,0.14285714285714285
18067,10.714285714285714,0.42857142857142855
19089,0.7142857142857143,0
24027,33.285714285714285,0.42857142857142855
29089,2.2857142857142856,0
31093,0.2857142857142857,0
48227,4.571428571428571,0.14285714285714285
29091,6.714285714285714,0
27057,1.2857142857142858,0
34017,18.857142857142858,0.7142857142857143
48229,0.14285714285714285,0.2857142857142857
8055,0.14285714285714285,0
40063,9.142857142857142,0
46065,0.7142857142857143,0
72069,3.4285714285714284,0
6023,3.142857142857143,0
19091,2,0
32013,0.42857142857142855,0
28053,4.428571428571429,0
47085,3,0.14285714285714285
48231,19.285714285714285,1.2857142857142858
34019,3.142857142857143,0
42061,2.2857142857142856,0
18069,0.7142857142857143,0.14285714285714285
26063,5.285714285714286,0
39077,4.857142857142857,0
46067,0.42857142857142855,0
48233,1.8571428571428572,0.14285714285714285
37095,0.42857142857142855,0
46069,0,0
22045,52.142857142857146,0.7142857142857143
22047,17.142857142857142,0.42857142857142855
19093,0.2857142857142857,0
16049,1,0
6025,83.28571428571429,3.5714285714285716
5063,19.142857142857142,0
12061,55.42857142857143,1.5714285714285714
42063,7.571428571428571,0
26065,16.285714285714285,0.14285714285714285
6027,0.8571428571428571,0
26067,2.4285714285714284,0
26069,0.42857142857142855,0
19095,1.4285714285714286,0
55049,1,0
37097,26,1
48235,0.42857142857142855,0
26071,0.7142857142857143,0
29093,0.7142857142857143,0
55051,4.857142857142857,0
17075,7.714285714285714,0.2857142857142857
13155,3.142857142857143,0
72071,3.142857142857143,0
26073,1.7142857142857142,0
27059,1.1428571428571428,0
53029,2,0.14285714285714285
51093,4.428571428571429,0
28055,0.42857142857142855,0
27061,2.5714285714285716,0
28057,9.285714285714286,0.14285714285714285
5065,0.8571428571428571,0
48237,1,0
1071,12.428571428571429,0
5067,1.1428571428571428,0.14285714285714285
8057,0,0
12063,58.57142857142857,1.5714285714285714
13157,24.571428571428573,0
17077,19.428571428571427,0
18071,3.4285714285714284,0.14285714285714285
19097,3.7142857142857144,0
20085,0.8571428571428571,0
21109,1.2857142857142858,0
22049,3,0
26075,6.428571428571429,0.14285714285714285
27063,0.7142857142857143,0
28059,65,0.8571428571428571
29095,115.28571428571429,1
37099,11.285714285714286,0
39079,2.142857142857143,0
40065,25.142857142857142,0
41029,9.285714285714286,0
46071,0,0
47087,1.7142857142857142,0
48239,14.428571428571429,0.2857142857142857
54035,0.7142857142857143,0
55053,1,0
51095,8.857142857142858,0
13159,2.142857142857143,0
17079,0.14285714285714285,0
18073,3.857142857142857,0
19099,3.5714285714285716,0.8571428571428571
28061,6.285714285714286,0.14285714285714285
29097,40.285714285714285,0.42857142857142855
45053,12,0.5714285714285714
48241,24.714285714285715,0.7142857142857143
18075,0.2857142857142857,0
72073,0.8571428571428571,0
13161,14.428571428571429,0.14285714285714285
48243,0.14285714285714285,0
1073,210.71428571428572,2.142857142857143
5069,22.714285714285715,0.5714285714285714
8059,55.857142857142854,0.8571428571428571
12065,9.428571428571429,0
13163,11,0
16051,6.857142857142857,0
17081,3.7142857142857144,0
18077,1.7142857142857142,0
19101,0.5714285714285714,0
20087,1.2857142857142858,0
21111,144.14285714285714,2.142857142857143
22051,163.28571428571428,0.8571428571428571
28063,3.7142857142857144,0.2857142857142857
29099,43.142857142857146,0.14285714285714285
30043,0.42857142857142855,0
31095,0,0
36045,2.2857142857142856,0
39081,3.2857142857142856,0
40067,0.7142857142857143,0
41031,8.857142857142858,0.42857142857142855
42065,1,0
47089,19.428571428571427,0.14285714285714285
48245,103.85714285714286,1.4285714285714286
53031,0,0
54037,1.5714285714285714,0
55055,12,0
22053,12.714285714285714,0.8571428571428571
28065,4.142857142857143,0.14285714285714285
13165,2.7142857142857144,0.7142857142857143
18079,1,0
46073,0,0
16053,4.571428571428571,0
17083,0.7142857142857143,0
21113,8.428571428571429,0
20089,0.14285714285714285,0
48247,0.8571428571428571,0.14285714285714285
48249,16,0.42857142857142855
17085,4.714285714285714,0
5071,12.285714285714286,0
13167,8,0.5714285714285714
17087,1,0
18081,15.714285714285714,0
19103,18.571428571428573,0.2857142857142857
20091,100,0.14285714285714285
21115,1.7142857142857142,0
29101,6.571428571428571,0
31097,0.2857142857142857,0
47091,2.857142857142857,0
48251,42.42857142857143,2
56019,0,0
37101,44.857142857142854,0.42857142857142855
40069,1.8571428571428572,0
13169,5.857142857142857,0
19105,1.7142857142857142,0
28067,28.428571428571427,0.42857142857142855
37103,1,0
46075,0,0
48253,-5.428571428571429,0
41033,1.4285714285714286,0
72075,3.2857142857142856,0
72077,2.4285714285714284,0
2110,2.857142857142857,0
55057,5,0
42067,0.7142857142857143,0
26077,14.857142857142858,0.5714285714285714
26079,0.2857142857142857,0
27065,0.5714285714285714,0
54039,23.428571428571427,0
27067,3.7142857142857144,0
17089,55.285714285714285,0.2857142857142857
17091,15.285714285714286,0
48255,9.857142857142858,0.42857142857142855
15007,0.2857142857142857,0
48257,40.57142857142857,1.7142857142857142
40071,6.428571428571429,0.14285714285714285
31099,0.2857142857142857,0
20093,0.2857142857142857,0
31101,0.7142857142857143,0
28069,1.8571428571428572,0
2122,4.285714285714286,0
17093,13.285714285714286,0
48259,2.4285714285714284,0.14285714285714285
48261,0.14285714285714285,0
23011,1.2857142857142858,0
55059,31.857142857142858,0.5714285714285714
10001,16.428571428571427,1.1428571428571428
24029,0,0
26081,68.28571428571429,0.7142857142857143
44003,5,0
48263,0,0
21117,20.857142857142858,0
19107,0.42857142857142855,0
6029,975.4285714285714,4.285714285714286
48265,8.857142857142858,0.42857142857142855
45055,21.857142857142858,0.2857142857142857
2130,1.2857142857142858,0
55061,2,0.14285714285714285
26083,0,0
31103,0,0
38043,0.8571428571428571,0
31105,0,0
48267,0.14285714285714285,0
53033,181,1.4285714285714286
51099,1.5714285714285714,0
51101,1.2857142857142858,0
51097,0.42857142857142855,0
40073,2.857142857142857,0
20095,0.2857142857142857,0
6031,81.14285714285714,1
46077,0.42857142857142855,0
48271,1.1428571428571428,0
20097,0,0
40075,0.8571428571428571,0
8063,0.8571428571428571,0
53035,22.428571428571427,0.14285714285714285
53037,2.4285714285714284,1.7142857142857142
27069,0.14285714285714285,0
41035,3.7142857142857144,0
48273,4.571428571428571,0
53039,2.2857142857142856,0
21119,0.5714285714285714,0
17095,3.857142857142857,0.14285714285714285
18083,3.2857142857142856,0
21121,4.571428571428571,0.14285714285714285
23013,0,0
29103,0.2857142857142857,0
31107,0.2857142857142857,0
39083,6,0
47093,114,1.2857142857142858
48275,3.857142857142857,0
2150,0,0
27071,2,0
16055,37.285714285714285,0
18085,11.285714285714286,0.42857142857142855
19109,0.14285714285714285,0
2158,0.14285714285714285,0
55063,10.571428571428571,0
4012,3,0
8067,3.142857142857143,0
48283,1.8571428571428572,0.14285714285714285
18087,4,0
38045,0,0
18091,10.428571428571429,0.14285714285714285
17099,11.142857142857142,0
22059,4.571428571428571,0.14285714285714285
20099,2.142857142857143,0
27073,0,0
42069,7,0
29105,4.142857142857143,0
5073,1.4285714285714286,0
12067,2.5714285714285716,0
22055,117,2.5714285714285716
28071,20.714285714285715,0
29107,2.142857142857143,0
55065,2,0
22057,44.142857142857146,0.42857142857142855
72079,0.8571428571428571,0
6033,3.4285714285714284,0
8065,1,0
12069,112.28571428571429,1.8571428571428572
17097,92.14285714285714,0.7142857142857143
18089,73.42857142857143,1.4285714285714286
26085,0.2857142857142857,0
27075,0,0
30047,4.142857142857143,0.14285714285714285
39085,19.142857142857142,0.5714285714285714
41037,0.14285714285714285,0
46079,3,0.14285714285714285
47095,2.7142857142857144,0
27077,0.14285714285714285,0
1075,4.714285714285714,0
13171,5.714285714285714,0.14285714285714285
28073,22.714285714285715,0.42857142857142855
48277,12.428571428571429,0.14285714285714285
48279,8.142857142857142,0.42857142857142855
50015,0,0
48281,4.285714285714286,0.14285714285714285
31109,47.142857142857146,0
42071,36.285714285714285,1.5714285714285714
45057,24.571428571428573,0.42857142857142855
51103,0.8571428571428571,0
32015,0.42857142857142855,0.14285714285714285
20101,0,0
41039,8.571428571428571,0
55067,3.142857142857143,0
13173,2.857142857142857,0.14285714285714285
26087,7.285714285714286,0
56021,6.285714285714286,0
72081,1.8571428571428572,0
8069,24,0.14285714285714285
21123,2.2857142857142856,0
8071,0.42857142857142855,0
72083,1.2857142857142858,0
72085,1.8571428571428572,0
6035,6.142857142857143,0
16057,3,0
40077,3.2857142857142856,0
1077,18.571428571428573,0.14285714285714285
28075,19.857142857142858,0.2857142857142857
47097,13.857142857142858,0.14285714285714285
21125,9.857142857142858,0
13175,16.714285714285715,0.14285714285714285
45059,24.857142857142858,1.8571428571428572
48285,10.571428571428571,1.4285714285714286
1079,8,0
5075,2.5714285714285716,0
17101,1.4285714285714286,0
18093,2.7142857142857144,0.14285714285714285
21127,1.5714285714285714,0
28077,8.857142857142858,0
29109,6.571428571428571,0
39087,5.571428571428571,0
42073,9.285714285714286,0.2857142857142857
46081,0.2857142857142857,0
47099,11.857142857142858,0
40079,8.142857142857142,0
27079,3.857142857142857,0
35025,22.857142857142858,0.2857142857142857
28079,5.857142857142857,0.14285714285714285
20103,10.857142857142858,0
42075,6.428571428571429,0.2857142857142857
1081,33.42857142857143,0.2857142857142857
5077,1.4285714285714286,0
12071,227.28571428571428,4
13177,4.857142857142857,0
17103,1.4285714285714286,0
19111,2.4285714285714284,0
21129,0,0
28081,26.714285714285715,0.42857142857142855
37105,12.714285714285714,0.14285714285714285
45061,7.714285714285714,0.14285714285714285
48287,3.2857142857142856,1
51105,5.142857142857143,0
26089,1.1428571428571428,0
28083,14.857142857142858,0.14285714285714285
42077,21.142857142857142,0.2857142857142857
16059,0.14285714285714285,0
26091,6.285714285714286,0
37107,5.714285714285714,0
12073,97.71428571428571,0.42857142857142855
48289,1.4285714285714286,0.14285714285714285
21131,1.1428571428571428,0
21133,2,0
12075,13.571428571428571,0
21135,0.42857142857142855,0
29111,2.142857142857143,0
36049,0.14285714285714285,0
47101,2.2857142857142856,0.14285714285714285
53041,3.4285714285714284,0
54041,0,0
30049,3,0
45063,79.57142857142857,2.2857142857142856
51678,0.7142857142857143,0
12077,3.4285714285714284,0
13179,18,0
30051,0,0
48291,19.857142857142858,3.142857142857143
39089,31.285714285714285,1.8571428571428572
1083,20.428571428571427,0.5714285714285714
48293,5.571428571428571,0.2857142857142857
5079,3.2857142857142856,0
8073,-0.14285714285714285,0
13181,2.857142857142857,0.14285714285714285
16063,0.7142857142857143,0
20105,0.14285714285714285,0
21137,1.7142857142857142,0
22061,12.285714285714286,0.5714285714285714
23015,0.2857142857142857,0.14285714285714285
27081,0.2857142857142857,0
28085,10,0.2857142857142857
29113,11.714285714285714,0
30053,1.1428571428571428,0.14285714285714285
31111,2,0
32017,0,0
35027,5.428571428571429,0
37109,14.571428571428571,0
40081,6.285714285714286,0
41041,1.4285714285714286,0
46083,10.714285714285714,0
47103,8.571428571428571,0.14285714285714285
53043,0.42857142857142855,0
54043,3.2857142857142856,0
55069,2.2857142857142856,0
56023,3.4285714285714284,0
19113,34.142857142857146,0
20107,0.7142857142857143,0
29115,0.5714285714285714,0
41043,4.428571428571429,0
48295,0.42857142857142855,0
9005,6.428571428571429,0
5081,5.571428571428571,0
48297,1.2857142857142858,0
17105,2.142857142857143,0
21139,0.7142857142857143,0.14285714285714285
22063,52.714285714285715,0.42857142857142855
26093,6.571428571428571,0
29117,1.4285714285714286,0
36051,0.2857142857142857,0
48299,3.142857142857143,0
5083,2.4285714285714284,0
8075,0.5714285714285714,0
17107,1.7142857142857142,0
20109,0,0
21141,2.5714285714285716,0.42857142857142855
31113,0,0
38047,0.14285714285714285,0
39091,2.142857142857143,0
40083,5.142857142857143,0
54045,6.571428571428571,0
72087,1.1428571428571428,0
13183,2,0
5085,14.571428571428571,0
39093,23.142857142857142,0
35028,0.14285714285714285,0
6037,2373.8571428571427,38.714285714285715
47105,17.571428571428573,0
51107,34.857142857142854,0.2857142857142857
19115,0.2857142857142857,0.14285714285714285
51109,1.4285714285714286,0
31115,0,0
40085,1,0
1085,2.857142857142857,0
13185,57.42857142857143,0.7142857142857143
28087,23.142857142857142,0.7142857142857143
48303,84.85714285714286,0
19117,0.2857142857142857,0
39095,96.42857142857143,0.7142857142857143
26095,0,0
13187,5.142857142857143,0.14285714285714285
35029,7.142857142857143,0
51111,1.1428571428571428,0
72089,1.7142857142857142,0
42079,15.428571428571429,0.14285714285714285
42081,3.5714285714285716,0
46085,0,0
51680,14.285714285714286,0
48305,1,0
19119,1.7142857142857142,0
20111,6.857142857142857,0.2857142857142857
21143,0.42857142857142855,0.14285714285714285
27083,3.857142857142857,0
32019,3,0.14285714285714285
26097,1.2857142857142858,0
26099,78.71428571428571,0.14285714285714285
1087,4.285714285714286,0.2857142857142857
13193,2,0
17115,14.857142857142858,0
29121,1,0
37113,5.714285714285714,-0.14285714285714285
47111,8.571428571428571,0.5714285714285714
17117,3.142857142857143,0
6039,38.857142857142854,1.1428571428571428
1089,112.42857142857143,1
5087,1.4285714285714286,0
12079,11.857142857142858,0.2857142857142857
13195,6.857142857142857,0
16065,3,0
17119,57.42857142857143,0
18095,8.285714285714286,0
19121,1.4285714285714286,0
21151,7.285714285714286,0
22065,4.285714285714286,0
28089,47.857142857142854,0.42857142857142855
29123,0.8571428571428571,0
30057,2.2857142857142856,0
31119,1.8571428571428572,0
36053,0.5714285714285714,0
37115,1.1428571428571428,0
39097,4,0
47113,22.142857142857142,1
48313,63.285714285714285,0
51113,0.8571428571428571,0
21153,1.1428571428571428,0
19123,0.5714285714285714,0
27087,0.2857142857142857,0
39099,22.571428571428573,0.2857142857142857
40093,0.7142857142857143,0
41045,11.714285714285714,0.42857142857142855
51683,7.571428571428571,0
51685,1.5714285714285714,0
12081,174.14285714285714,1.2857142857142858
72091,9.571428571428571,0
26101,0,0
55071,7.142857142857143,0
55073,17.714285714285715,0.14285714285714285
1091,8.428571428571429,0.2857142857142857
72093,0.42857142857142855,0
4013,1779.7142857142858,46.57142857142857
29125,0.42857142857142855,0
6041,48.857142857142854,1.7142857142857142
55075,9.428571428571429,0
1093,7.428571428571429,1
5089,0.2857142857142857,0
12083,172.42857142857142,2.5714285714285716
13197,1.7142857142857142,0.14285714285714285
17121,2.857142857142857,0
18097,137.57142857142858,0.5714285714285714
19125,4,0
20115,0.8571428571428571,0
21155,1.4285714285714286,0
28091,14.142857142857142,0.5714285714285714
29127,7,0.14285714285714285
39101,6,0.2857142857142857
41047,37.714285714285715,0.7142857142857143
45067,9.428571428571429,0.14285714285714285
47115,7.142857142857143,0
48315,1.1428571428571428,0.7142857142857143
54049,2.7142857142857144,0
6043,1,0.14285714285714285
45069,3.857142857142857,0
26103,1.8571428571428572,0
55077,1.1428571428571428,0
1095,41.285714285714285,0.8571428571428571
17123,0.2857142857142857,0
18099,6.714285714285714,0.8571428571428571
19127,15.714285714285714,0.2857142857142857
20117,0.14285714285714285,0
21157,2.5714285714285716,0
27089,0.42857142857142855,0
28093,12.857142857142858,0.14285714285714285
40095,2.5714285714285716,0
46091,0.42857142857142855,0
47117,6.857142857142857,0
54051,4,0
12085,41.714285714285715,2
18101,0.7142857142857143,0
21159,1.4285714285714286,0
27091,0.8571428571428571,0
37117,3.7142857142857144,0
48317,1.4285714285714286,0.14285714285714285
51690,1.7142857142857142,0.14285714285714285
17125,0.5714285714285714,0
21161,0.5714285714285714,0
26105,0.14285714285714285,0
48319,0,0
53045,5.714285714285714,0
54053,1.5714285714285714,0.14285714285714285
17127,1.2857142857142858,0
48321,17.571428571428573,2.142857142857143
2170,6.142857142857143,0
51115,0.42857142857142855,0
15009,2.142857142857143,0
72095,0.8571428571428571,0
47119,34.857142857142854,0
48323,63.857142857142854,2.142857142857143
72097,10,0
40097,9.285714285714286,0
40087,7.714285714285714,0
46087,0.42857142857142855,0
45065,1.7142857142857142,0
21145,6.285714285714286,0
21147,1,0
48307,0.5714285714285714,0
40089,13.714285714285714,1
29119,10.571428571428571,0.8571428571428571
17109,0.42857142857142855,0
37111,9.428571428571429,0.42857142857142855
54047,0.7142857142857143,0
13189,6.428571428571429,0.14285714285714285
17111,33.285714285714285,0.2857142857142857
38049,0.14285714285714285,0
13191,3.4285714285714284,0.14285714285714285
38051,0.7142857142857143,0.14285714285714285
40091,5.142857142857143,0
42083,0.14285714285714285,0
38053,1.4285714285714286,0.14285714285714285
35031,21.571428571428573,1.4285714285714286
17113,11.285714285714286,0
21149,0.42857142857142855,0
38055,2,0
48309,81.42857142857143,1.1428571428571428
27085,0.8571428571428571,0
47107,8,0.14285714285714285
48311,0.42857142857142855,0
47109,11.571428571428571,0.14285714285714285
20113,1.4285714285714286,0
31117,0,0
46089,0,0
20119,0.42857142857142855,0
21163,3,0
46093,1.1428571428571428,0
30059,0,0
37119,272.42857142857144,1.4285714285714286
51117,2.2857142857142856,0
26107,0.7142857142857143,0
39103,11,0
48325,5.428571428571429,1.7142857142857142
27093,0.7142857142857143,0
39105,0.2857142857142857,0
47121,3.2857142857142856,0
46095,0.8571428571428571,0
17129,0.7142857142857143,0
48327,0.14285714285714285,0
6045,9.571428571428571,0.42857142857142855
21165,0.7142857142857143,0
26109,2.4285714285714284,0
55078,1.1428571428571428,0
6047,99.57142857142857,1
17131,1.5714285714285714,0
21167,0.7142857142857143,0
29129,0,0
34021,18.142857142857142,0.5714285714285714
38057,1,0
39107,12.571428571428571,0.2857142857142857
42085,6.285714285714286,0.14285714285714285
54055,4.857142857142857,0
13199,6,0.14285714285714285
31121,0.42857142857142855,0
33013,1.5714285714285714,0.14285714285714285
8077,7.142857142857143,0.14285714285714285
21169,2,0
18103,3.857142857142857,0
20121,3.4285714285714284,0
39109,15.714285714285714,0.42857142857142855
12086,2970.714285714286,14.285714285714286
9007,1.8571428571428572,0
25017,59.714285714285715,2.142857142857143
34023,60.714285714285715,1.1428571428571428
51119,0.7142857142857143,0
26111,6,0
48329,66.71428571428571,1.1428571428571428
42087,1.4285714285714286,0
48331,6.571428571428571,0.2857142857142857
27095,0.42857142857142855,0.14285714285714285
5091,9.285714285714286,0.2857142857142857
13201,6.285714285714286,0
29131,4.857142857142857,0
19129,1.4285714285714286,0
48333,0.8571428571428571,0
55079,279.7142857142857,1.7142857142857142
46097,0.2857142857142857,0
8079,0.14285714285714285,0
32021,0.14285714285714285,0
54057,2.857142857142857,0.14285714285714285
54059,6.285714285714286,0
16067,10.857142857142858,0
46099,24.142857142857142,0
26113,0,0
5093,18.285714285714285,0.14285714285714285
29133,3.142857142857143,0
30063,5.285714285714286,0
13205,5.428571428571429,0
19131,1,0
20123,0.7142857142857143,0
37121,6.571428571428571,0.14285714285714285
48335,1.5714285714285714,0
1097,173.71428571428572,2.2857142857142856
72099,5.428571428571429,0
8081,0.7142857142857143,0
4015,55.42857142857143,2.7142857142857144
29135,3.5714285714285716,0
34025,37.714285714285715,0.7142857142857143
6051,4.857142857142857,0
19133,1,0
54061,11,0
1099,5.571428571428571,0
5095,1.8571428571428572,0
12087,34.285714285714285,0
13207,10,0.42857142857142855
17133,4.428571428571429,0
18105,18.571428571428573,0.2857142857142857
19135,0.7142857142857143,0
21171,2.857142857142857,0
26115,10,0
28095,12.571428571428571,0.7142857142857143
29137,0.42857142857142855,0
36055,25.714285714285715,0
39111,0,0
42089,4.571428571428571,0.42857142857142855
47123,10.857142857142858,0.2857142857142857
54063,0.2857142857142857,0
55081,3,0
48337,1.2857142857142858,0
26117,2.2857142857142856,0
6053,108.71428571428571,0.42857142857142855
8083,1.7142857142857142,0
1101,84.85714285714286,1.8571428571428572
5097,1.1428571428571428,0
13209,3.2857142857142856,0
17135,3,0.42857142857142855
18107,2.142857142857143,0.14285714285714285
19137,2.4285714285714284,0
20125,3.142857142857143,0.14285714285714285
21173,1.5714285714285714,0
24031,101.42857142857143,1.8571428571428572
28097,3.2857142857142856,0
29139,1,0
36057,1.1428571428571428,0
37123,11.428571428571429,0.42857142857142855
39113,81.42857142857143,1.2857142857142858
42091,57,1.1428571428571428
47125,40.857142857142854,0
48339,97.57142857142857,1.5714285714285714
51121,5.571428571428571,0
26119,0,0
42093,0.7142857142857143,0
8085,3.857142857142857,0.14285714285714285
46101,0.2857142857142857,0
37125,17.285714285714285,0.8571428571428571
47127,0.5714285714285714,0
48341,5,-0.2857142857142857
35033,0.42857142857142855,0
22067,8,0
1103,36.285714285714285,0.42857142857142855
8087,1.1428571428571428,0
13211,9,0
17137,2.2857142857142856,0
18109,4.571428571428571,0
21175,0.5714285714285714,0
29141,3,0
39115,0.2857142857142857,0
47129,2.4285714285714284,0
54065,0.42857142857142855,0
72101,6.857142857142857,0
31123,0.42857142857142855,0
20127,0.14285714285714285,0
34027,14.428571428571429,0.2857142857142857
48343,2.2857142857142856,0.14285714285714285
27097,0.7142857142857143,0
39117,2,0.14285714285714285
41049,7.285714285714286,0
20129,0,0
38059,9.571428571428571,0
48345,0.2857142857142857,0
17139,2.4285714285714284,0
38061,1.2857142857142858,0
27099,5,0
21177,3.2857142857142856,0
41051,69.14285714285714,1.1428571428571428
13213,12.857142857142858,0
27101,2.142857142857143,0.14285714285714285
40099,3.142857142857143,0
19139,5.571428571428571,0.14285714285714285
13215,65.14285714285714,1.2857142857142858
26121,7.142857142857143,0.2857142857142857
39119,4.714285714285714,0
40101,15.857142857142858,0.2857142857142857
30065,0,0
48347,26.285714285714285,-0.14285714285714285
72103,1.8571428571428572,0
31125,0.14285714285714285,0
6055,20.714285714285715,0.14285714285714285
72105,9.714285714285714,0
37127,17.285714285714285,0.14285714285714285
12089,25,0.42857142857142855
36059,47.142857142857146,0.14285714285714285
22069,16.428571428571427,0
56025,4,0
4017,32.714285714285715,2.4285714285714284
48349,13.571428571428571,-0.14285714285714285
21179,3.7142857142857144,0
38063,0.7142857142857143,0
51125,0.5714285714285714,0
20131,1.1428571428571428,0
31127,0.5714285714285714,0
20133,-0.14285714285714285,0
28099,6.428571428571429,0.14285714285714285
20135,0,0
5099,1.4285714285714286,0.14285714285714285
6057,6,0
10003,54.57142857142857,4.857142857142857
37129,46.142857142857146,0.42857142857142855
9009,24.428571428571427,1
51127,2.4285714285714284,0
9011,3.5714285714285716,0.14285714285714285
29143,4.714285714285714,0
36061,307.85714285714283,11.857142857142858
26123,2.142857142857143,0
45071,18.857142857142858,0.14285714285714285
44005,0,0
51700,36,0.14285714285714285
5101,10.285714285714286,0
13217,26.285714285714285,0.5714285714285714
18111,0.7142857142857143,0
28101,6.857142857142857,0
29145,13.285714285714286,0.14285714285714285
48351,6.857142857142857,0.5714285714285714
16069,0.7142857142857143,0
36063,5.142857142857143,0.2857142857142857
21181,0.5714285714285714,0
54067,0.5714285714285714,0
27103,4.714285714285714,0
56027,0,0
18113,4.428571428571429,0
39121,0,0
40103,1.8571428571428572,0
27105,2.4285714285714284,0
29147,9.142857142857142,0
48353,5,0.2857142857142857
2180,0.14285714285714285,0
25021,36.42857142857143,1
51710,69.28571428571429,-0.14285714285714285
27107,1.1428571428571428,0
2185,0.7142857142857143,0
37131,3.5714285714285716,0
42095,17.571428571428573,0.2857142857142857
51131,2.4285714285714284,0
42097,3.5714285714285716,0
51133,0.7142857142857143,0
2188,1.4285714285714286,0
20137,0,0
51720,0.7142857142857143,0
51135,2.2857142857142856,0
40105,1,0
28103,6.571428571428571,0
31129,0,0
48355,256.57142857142856,6.571428571428571
32023,8.428571428571429,0.2857142857142857
19141,0.7142857142857143,0
26125,101.14285714285714,1
47131,17.857142857142858,0.14285714285714285
34029,43.57142857142857,-0.14285714285714285
26127,2.5714285714285716,0
48357,2,0.14285714285714285
13219,8,0
45073,13.428571428571429,0.42857142857142855
55083,3.4285714285714284,0
26129,0.2857142857142857,0
46102,0.5714285714285714,0
17141,2.4285714285714284,0
13221,3.5714285714285716,-0.14285714285714285
18115,0.5714285714285714,0.14285714285714285
21183,5.285714285714286,0.5714285714285714
54069,8.857142857142858,0
12091,60,0.5714285714285714
53047,24.714285714285715,0
12093,24.142857142857142,0
40107,3.142857142857143,0
40109,254.57142857142858,1.4285714285714286
40111,16.571428571428573,0
28105,41.42857142857143,0.5714285714285714
21185,13.428571428571429,0.2857142857142857
48359,0.14285714285714285,0
38065,0.42857142857142855,0
27109,13.571428571428571,0
16071,0.14285714285714285,0
36065,9.428571428571429,1.1428571428571428
55085,2.5714285714285716,0
36067,15.285714285714286,0.42857142857142855
37133,30,0.14285714285714285
36069,2.2857142857142856,0.14285714285714285
26131,0.2857142857142857,0
6059,551,9.714285714285714
12095,544.1428571428571,7.857142857142857
18117,0.2857142857142857,0
36071,10.142857142857142,0.7142857142857143
37135,16.714285714285715,0
48361,16,1.1428571428571428
50017,0.5714285714285714,0
51137,2.4285714285714284,0
45075,50.57142857142857,1.5714285714285714
29149,0.14285714285714285,0
22071,88.57142857142857,1
36073,0.2857142857142857,0
50019,0,0
72107,5,0
20139,0,0
29151,0.5714285714285714,0
40113,11.714285714285714,0.14285714285714285
20141,0,0
12097,213.42857142857142,1.7142857142857142
19143,0.5714285714285714,0
26133,0.2857142857142857,0
26135,0,0
36075,1.1428571428571428,0
8089,2,0.2857142857142857
35035,8.714285714285714,0
31131,0.5714285714285714,0
26137,0.2857142857142857,0
36077,0.7142857142857143,0
20143,0.5714285714285714,0
26139,16.428571428571427,0
39123,7.142857142857143,0
40115,10.428571428571429,0
27111,3.2857142857142856,0.14285714285714285
5103,2.2857142857142856,0
22073,71.42857142857143,0.2857142857142857
8091,0,0
80001,0,0
80013,270.14285714285717,1
80015,0.14285714285714285,0
80017,-0.2857142857142857,0
80022,0,0
80026,10.285714285714286,0
80040,0,0
72888,10.142857142857142,0
80047,80.28571428571429,0.14285714285714285
55087,21.571428571428573,0.2857142857142857
47133,2.5714285714285716,0
18119,1.7142857142857142,0
21187,0.8571428571428571,0
21189,0.7142857142857143,0
16073,5.857142857142857,0
23017,0,0
29153,0.2857142857142857,0
55089,10.428571428571429,0
53049,0.8571428571428571,0.14285714285714285
19145,2.5714285714285716,0
51139,1.8571428571428572,0.14285714285714285
12099,663.8571428571429,11.142857142857142
19147,0.42857142857142855,0
48363,8.857142857142858,0.14285714285714285
37137,1,0
28107,24.571428571428573,0.42857142857142855
48365,1.4285714285714286,-0.8571428571428571
8093,0.7142857142857143,0
30067,1.4285714285714286,0
56029,2.5714285714285716,0
18121,0.7142857142857143,0
48367,34.142857142857146,1
48369,3.5714285714285716,-0.14285714285714285
12101,118.71428571428571,1.4285714285714286
37139,5.714285714285714,0
34031,23.857142857142858,0.8571428571428571
72109,1.8571428571428572,0
51141,6.714285714285714,0.14285714285714285
13223,26.714285714285715,0.14285714285714285
39125,1.4285714285714286,0
20145,0.14285714285714285,0
31133,0.7142857142857143,0
40117,4,0
16075,5.428571428571429,0
40119,10.714285714285714,0.14285714285714285
13225,9.857142857142858,0.2857142857142857
28109,8.714285714285714,0.42857142857142855
48371,3.5714285714285716,0
38067,1,0
29155,3,0
53051,1.4285714285714286,0
37141,10.571428571428571,0.14285714285714285
21191,0.5714285714285714,0
54071,1.1428571428571428,0
27113,0.7142857142857143,0.14285714285714285
46103,5.285714285714286,0.42857142857142855
23019,0.5714285714285714,0
72111,0.8571428571428571,0
17143,30.571428571428573,0.14285714285714285
55091,2,0
31135,0.2857142857142857,0.14285714285714285
46105,0,0
37143,1.2857142857142858,0
1105,8.285714285714286,0
5105,0.8571428571428571,0
17145,3.142857142857143,0
18123,0.42857142857142855,0
21193,4.571428571428571,0
28111,8.857142857142858,0.2857142857142857
29157,1.2857142857142858,0
39127,2.2857142857142856,0
42099,1.8571428571428572,0
47135,1.2857142857142858,0
32027,0,0
37145,4.857142857142857,0
2195,0,0
51730,5.285714285714286,0.14285714285714285
29159,16.857142857142858,0.14285714285714285
29161,0.8571428571428571,0
31137,0,0
42101,171.85714285714286,1.7142857142857142
5107,5.571428571428571,0
8095,0.2857142857142857,0
20147,0.5714285714285714,0.14285714285714285
17147,0.42857142857142855,0
39129,5.857142857142857,0
1107,4.285714285714286,0.2857142857142857
13227,9.571428571428571,0
45077,18.428571428571427,0.42857142857142855
47137,1.2857142857142858,0
13229,6.428571428571429,0
31139,0.2857142857142857,0
38069,0,0
53053,101.85714285714286,1.2857142857142858
55093,2.7142857142857144,0
1109,8.571428571428571,0.14285714285714285
5109,3,0.14285714285714285
13231,5.142857142857143,0
17149,0.2857142857142857,0
18125,1,0
21195,5.142857142857143,0
28113,18.142857142857142,0.5714285714285714
29163,2,0
39131,1.8571428571428572,0
42103,1.2857142857142858,0
4019,206.28571428571428,5.714285714285714
4021,111.57142857142857,2
27115,0.5714285714285714,0
12103,230.85714285714286,8.714285714285714
27117,2,0.42857142857142855
23021,-0.14285714285714285,0
8097,-0.2857142857142857,0
37147,44.142857142857146,0.14285714285714285
40121,9.857142857142858,0
51143,8.571428571428571,0
6061,44.42857142857143,0.42857142857142855
22075,5.428571428571429,0
29165,8.142857142857142,0
31141,4,0
56031,0.14285714285714285,0
54073,0.14285714285714285,0
6063,0.5714285714285714,0
19149,4.428571428571429,0.2857142857142857
25023,16.428571428571427,1
19151,0.42857142857142855,0
54075,0.2857142857142857,0
5111,4,0
22077,17.857142857142858,0.14285714285714285
5113,2.4285714285714284,0
12105,260.14285714285717,7.142857142857143
13233,16.571428571428573,0.42857142857142855
19153,81.28571428571429,0.5714285714285714
27119,3.142857142857143,0
29167,8,0
31143,0.8571428571428571,0
37149,1,0
41053,8.285714285714286,0
47139,5.857142857142857,0
48373,30.571428571428573,0.7142857142857143
55095,2.7142857142857144,0
72113,8.714285714285714,0
30073,0.2857142857142857,0
28115,15,0
40123,7,0
5115,28.142857142857142,0.14285714285714285
17151,0.7142857142857143,0
27121,1.1428571428571428,0
51735,0.8571428571428571,0
39133,14.142857142857142,0
55097,3.857142857142857,0
18127,20.142857142857142,0.14285714285714285
51740,45.857142857142854,0
18129,4.571428571428571,0
20149,0.5714285714285714,0
40125,14.571428571428571,0
19155,15.714285714285714,0.42857142857142855
42105,0.14285714285714285,0
48375,25.285714285714285,0
21197,0.7142857142857143,0
16077,1.1428571428571428,0
19157,2,0
51145,1.5714285714285714,0.14285714285714285
5117,0.5714285714285714,0
20151,0.5714285714285714,0
39135,2.2857142857142856,0.14285714285714285
28117,9.142857142857142,0
48377,0.8571428571428571,0
26141,0,0.14285714285714285
54077,0.8571428571428571,0
55099,0.7142857142857143,0
51147,6,0
51149,4.714285714285714,0
24033,143.28571428571428,0.8571428571428571
51153,60.42857142857143,0.42857142857142855
2198,0.42857142857142855,0
44007,51.285714285714285,0
8099,0.14285714285714285,0
8101,7.285714285714286,0.14285714285714285
5119,92.71428571428571,0.7142857142857143
13235,1,0.14285714285714285
17153,0.2857142857142857,0
18131,0.2857142857142857,0
21199,3.857142857142857,0
29169,2.4285714285714284,0
51155,1.7142857142857142,0
40127,5.428571428571429,0
12107,26.428571428571427,1
13237,7.714285714285714,0.14285714285714285
17155,0.5714285714285714,0
18133,2.2857142857142856,0
29171,0,0
36079,2.7142857142857144,0
39137,2,0
47141,27.285714285714285,0.7142857142857143
54079,5.285714285714286,0
35037,0.7142857142857143,0
72115,0.8571428571428571,0
24035,5.714285714285714,0
13239,0,0
28119,6.285714285714286,0
13241,5.571428571428571,0
55101,38.42857142857143,0.5714285714285714
51750,0.7142857142857143,0
48379,1.7142857142857142,0.14285714285714285
54081,3.857142857142857,0
29173,0.42857142857142855,0
27123,84.42857142857143,0.5714285714285714
38071,0.7142857142857143,0
48381,24.285714285714285,0.7142857142857143
1111,4.857142857142857,0
5121,5.571428571428571,0
13243,1.2857142857142858,0
17157,6,0
18135,1.8571428571428572,0
29175,3.7142857142857144,0
37151,26,0.2857142857142857
54083,0.5714285714285714,0
28121,54.714285714285715,0.2857142857142857
38073,0.2857142857142857,0
22079,51,0.8571428571428571
51157,0.8571428571428571,0.14285714285714285
30081,1.5714285714285714,0
29177,4.142857142857143,0
48383,0.42857142857142855,0.2857142857142857
48385,8.714285714285714,0
27125,0.5714285714285714,0
22081,5.571428571428571,0
48387,0.2857142857142857,-0.14285714285714285
31145,0.2857142857142857,0
27127,0.42857142857142855,0
48389,2.857142857142857,0
48391,7.714285714285714,0
20155,5.714285714285714,0.14285714285714285
36083,4.571428571428571,0
27129,1.2857142857142858,0
38075,0.14285714285714285,0
20157,0.5714285714285714,0
29179,0.5714285714285714,0
47143,6.142857142857143,0.14285714285714285
20159,0.7142857142857143,0
27131,5.285714285714286,0
31147,0.8571428571428571,0
17159,0.2857142857142857,0
22083,13.142857142857142,0
30083,1.4285714285714286,0
38077,3.4285714285714284,0
39139,5.857142857142857,0.14285714285714285
45079,118.14285714285714,2.142857142857143
55103,0.2857142857142857,0
13245,97.57142857142857,0.8571428571428571
37153,8.285714285714286,0
51159,0.2857142857142857,0
51760,24.428571428571427,0.2857142857142857
20161,3.2857142857142856,0.14285714285714285
72117,1.5714285714285714,0
19159,0.42857142857142855,0
35039,4.285714285714286,0.2857142857142857
8103,0,0
8105,0.42857142857142855,0
72119,4.714285714285714,0
18137,2.2857142857142856,0
29181,1.1428571428571428,0
54085,0,0
6065,613.8571428571429,11.714285714285714
47145,18,0.14285714285714285
54087,0.2857142857142857,0
51161,5.714285714285714,0
51770,10.571428571428571,0
46109,0.2857142857142857,0
48393,0,0
21201,0,0
47147,22.142857142857142,0.14285714285714285
48395,5,0.14285714285714285
37155,62.142857142857146,0.14285714285714285
27133,2.5714285714285716,0
31149,0,0
55105,15,0
17161,16,0
51163,2.142857142857143,0
21203,0.5714285714285714,0
13247,16.142857142857142,0.14285714285714285
33015,7.285714285714286,0.2857142857142857
37157,11.285714285714286,0.2857142857142857
51165,5.285714285714286,0
36087,5.571428571428571,0.14285714285714285
48397,15.571428571428571,0
40131,32.57142857142857,0.42857142857142855
38079,1,0
20163,0.42857142857142855,0
30085,0,0
35041,4.285714285714286,0
26143,0.14285714285714285,0
27135,1.2857142857142858,0
30087,0.5714285714285714,0
39141,14.142857142857142,0
8107,0.7142857142857143,0
21205,2.2857142857142856,0
37159,21.428571428571427,0.14285714285714285
48399,6.571428571428571,0.14285714285714285
18139,1,0.14285714285714285
20165,0.14285714285714285,0
48401,7.857142857142857,0.7142857142857143
55107,0,0
1113,22,0.14285714285714285
20167,0.5714285714285714,0
21207,1.2857142857142858,0
51167,3,0.14285714285714285
37161,17.428571428571427,0.2857142857142857
47149,123.28571428571429,0.7142857142857143
50021,0.5714285714285714,0
72121,1.2857142857142858,0
22085,12.285714285714286,0.42857142857142855
48403,-0.2857142857142857,0.7142857142857143
19161,0.14285714285714285,0
6067,247.42857142857142,3.5714285714285716
23023,1,0
26145,25.142857142857142,0
8109,0.14285714285714285,0
34033,4.142857142857143,0.2857142857142857
51775,2.142857142857143,0
72123,0.8571428571428571,0
5125,24.714285714285715,0.14285714285714285
17165,3.4285714285714284,0
20169,3.7142857142857144,0.14285714285714285
29195,4.142857142857143,0
31151,2.142857142857143,0
49035,224.28571428571428,3.2857142857142856
45081,3.5714285714285716,0.2857142857142857
37163,9.428571428571429,0.2857142857142857
48405,1.7142857142857142,-0.2857142857142857
6069,9.571428571428571,0
6071,699.2857142857143,8.857142857142858
6073,426.7142857142857,6.571428571428571
6075,100.28571428571429,0.42857142857142855
72125,0.7142857142857143,0
48407,1.7142857142857142,0.5714285714285714
6077,303.42857142857144,5.428571428571429
8111,0,0
35045,12.142857142857142,0.2857142857142857
72127,60.42857142857143,0
49037,6.571428571428571,0.42857142857142855
53055,0.5714285714285714,0
72129,3.2857142857142856,0
6079,39.285714285714285,0.2857142857142857
6081,74.85714285714286,0.5714285714285714
8113,0.7142857142857143,0
35047,0.8571428571428571,0
48409,36.285714285714285,2
48411,1.1428571428571428,0
72131,2.7142857142857144,0
46111,0.14285714285714285,0
30089,0.5714285714285714,0
35043,12.857142857142858,0.14285714285714285
39143,7.714285714285714,0.14285714285714285
17167,22.571428571428573,0
26151,1,0
6083,72.71428571428571,0
6085,167,0.8571428571428571
4023,23,1
6087,21.428571428571427,0.14285714285714285
35049,12.571428571428571,0
72133,1.1428571428571428,0
12113,132.42857142857142,0.7142857142857143
12115,120.28571428571429,1
36091,6.428571428571429,0
38081,0,0
31153,37.42857142857143,0.14285714285714285
55111,11,0
31155,2,0
55113,1,0
36093,10.285714285714286,0
48413,0.2857142857142857,0
13249,2.142857142857143,0
36095,0.5714285714285714,0
26153,0,0
17169,0,0
29197,0.2857142857142857,0
36097,0,0
42107,4.857142857142857,0.14285714285714285
39145,5.571428571428571,0.14285714285714285
29199,0,0
37165,5.571428571428571,0
5127,1.7142857142857142,0
17171,0.5714285714285714,0
18143,4,0.14285714285714285
19163,23.571428571428573,0
20171,0.8571428571428571,0
21209,13.428571428571429,0
27139,24.428571428571427,0.42857142857142855
28123,5,0.14285714285714285
29201,8.714285714285714,0
47151,4.142857142857143,0
51169,1.5714285714285714,0.14285714285714285
31157,2.142857142857143,0.14285714285714285
13251,3,0.14285714285714285
48415,3.5714285714285716,0
5129,0.42857142857142855,0
5131,43.142857142857146,0.42857142857142855
8115,0,0
20173,137.57142857142858,0.7142857142857143
12117,101.71428571428571,3.5714285714285716
13253,4,0
40133,10.857142857142858,0.14285714285714285
36099,0.5714285714285714,0.42857142857142855
39147,5.142857142857143,0.14285714285714285
47153,3.142857142857143,0
40135,12.714285714285714,0
5133,6.285714285714286,0.14285714285714285
47155,48.714285714285715,0.14285714285714285
20175,5.571428571428571,0
31159,1.2857142857142858,0
48417,-0.14285714285714285,0
29203,0.8571428571428571,0
28125,5.428571428571429,0.14285714285714285
5135,1.1428571428571428,0
6089,9.714285714285714,0.14285714285714285
55115,3.142857142857143,0
20177,17.714285714285715,0.7142857142857143
55117,13.571428571428571,0
1117,55.285714285714285,0.2857142857142857
17173,1.7142857142857142,0
18145,2.4285714285714284,0.14285714285714285
19165,1.8571428571428572,0
21211,5.714285714285714,0
29205,0.42857142857142855,0
39149,5,0
47157,334.42857142857144,2.4285714285714284
48419,4.285714285714286,0.42857142857142855
51171,1.1428571428571428,0
27141,18.571428571428573,0
20179,0,0
30091,0.14285714285714285,0
31161,0.14285714285714285,0
38083,0.14285714285714285,0
56033,0.5714285714285714,0
20181,0,0
31163,0.14285714285714285,0
41055,0,0
48421,0.2857142857142857,0
26155,0.8571428571428571,0
16079,3.857142857142857,0
27143,0.5714285714285714,0
6091,0.14285714285714285,0
35051,0.8571428571428571,0
30093,2,0
21213,1.8571428571428572,0.14285714285714285
28127,13.428571428571429,1.4285714285714286
19167,4.285714285714286,0.14285714285714285
31165,-0.14285714285714285,0
38085,1.1428571428571428,0
6093,1.8571428571428572,0
2220,0.7142857142857143,0
53057,7.571428571428571,0.42857142857142855
53059,0.2857142857142857,0
38087,0,0
20183,0,0
28129,5.285714285714286,0
47159,7.285714285714286,0
48423,40.285714285714285,0.7142857142857143
51173,2.857142857142857,0.14285714285714285
53061,57,0.42857142857142855
42109,1.1428571428571428,0
35053,0.5714285714285714,0
6095,60.857142857142854,0.14285714285714285
23025,0.14285714285714285,0.14285714285714285
24039,0.8571428571428571,0
34035,11.857142857142858,0.7142857142857143
42111,2.2857142857142856,0.14285714285714285
48425,1,0
6097,57.857142857142854,0.5714285714285714
51175,3.5714285714285716,0.14285714285714285
2240,0.2857142857142857,0
13255,18.142857142857142,0.7142857142857143
45083,45.714285714285715,2
18147,1.7142857142857142,0.14285714285714285
21215,2.7142857142857144,0
46115,0.14285714285714285,0
53063,86,1.4285714285714286
51177,12.285714285714286,0
22087,20.285714285714285,-0.14285714285714285
22089,29.714285714285715,0
29183,143.28571428571428,0.7142857142857143
1115,26.285714285714285,0.7142857142857143
17163,67.14285714285714,0.42857142857142855
26147,8.857142857142858,0
29185,0.7142857142857143,0
55109,9,0
5123,17,0
29187,6.142857142857143,0
22091,3.857142857142857,0
22093,11.428571428571429,0
22095,17.428571428571427,0
12109,63.57142857142857,0.8571428571428571
18141,43,0.2857142857142857
26149,11.857142857142858,0.14285714285714285
22097,61.285714285714285,0.42857142857142855
36089,1.5714285714285714,0.2857142857142857
27137,5.428571428571429,0.2857142857142857
29189,319.14285714285717,4.714285714285714
29510,86.71428571428571,0.8571428571428571
12111,129.57142857142858,3.7142857142857144
22099,22.142857142857142,0.8571428571428571
22101,26.428571428571427,0.42857142857142855
24037,10,0.14285714285714285
22103,78.57142857142857,1.2857142857142858
20185,0,0
51179,10.571428571428571,0.14285714285714285
6099,199,3.142857142857143
46117,0,0
37167,16.714285714285715,0.42857142857142855
20187,0.2857142857142857,0
31167,0.2857142857142857,0
17175,0,0
38089,6,0
39151,24.571428571428573,0.7142857142857143
18149,1.4285714285714286,0.14285714285714285
48427,40.42857142857143,2
51790,2.7142857142857144,0
29186,1.8571428571428572,0
27145,11.857142857142858,0
27147,3.5714285714285716,0
38091,0.5714285714285714,0
13257,11.857142857142858,0.2857142857142857
40137,3.7142857142857144,0.14285714285714285
48429,1.4285714285714286,0.2857142857142857
17177,3,0
48431,0,0
18151,3.857142857142857,0
36101,0.8571428571428571,0.14285714285714285
20189,0.2857142857142857,0
27149,0.14285714285714285,0
53065,2.857142857142857,0
13259,0.8571428571428571,0.14285714285714285
47161,1.8571428571428572,0
30095,0.42857142857142855,0
29207,3.7142857142857144,0
37169,3.7142857142857144,0.2857142857142857
5137,1,0
28131,3.2857142857142856,0.14285714285714285
29209,4.142857142857143,0.14285714285714285
48433,0,0
32029,0.14285714285714285,0
19169,12.428571428571429,0.14285714285714285
33017,2.142857142857143,0
38093,3.5714285714285716,0
56035,1.8571428571428572,0
25025,44.285714285714285,1.8571428571428572
36103,64.14285714285714,0.14285714285714285
51800,27.714285714285715,0.14285714285714285
18153,0.14285714285714285,0
29211,0.5714285714285714,0
33019,0,0
36105,0.42857142857142855,0
42113,0,0
47163,26.571428571428573,0.14285714285714285
46119,0,0
54089,0.42857142857142855,0
8117,1.4285714285714286,0
39153,49.142857142857146,0.7142857142857143
49043,4.285714285714286,0
20191,1.7142857142857142,0
47165,55.857142857142854,0.8571428571428571
1119,3.4285714285714284,0.2857142857142857
12119,24.142857142857142,0.7142857142857143
13261,4,0.2857142857142857
45085,42.285714285714285,0.8571428571428571
28133,19.428571428571427,0.14285714285714285
37171,14.142857142857142,0.42857142857142855
51181,0.8571428571428571,0.14285714285714285
42115,0.7142857142857143,0
10005,28.428571428571427,1.7142857142857142
34037,4.714285714285714,0
51183,4.857142857142857,0
6101,16.714285714285715,0.2857142857142857
48435,1.5714285714285714,0.14285714285714285
12121,16,0.8571428571428571
37173,1.7142857142857142,0
30097,0.14285714285714285,0.14285714285714285
56037,4.857142857142857,0
27151,0.7142857142857143,0
48437,0.7142857142857143,0.14285714285714285
18155,0.2857142857142857,0
13263,2.2857142857142856,0
24041,7.857142857142857,0
13265,0.5714285714285714,0
1121,21.285714285714285,0.14285714285714285
28135,8.857142857142858,0.7142857142857143
1123,7.571428571428571,0.8571428571428571
19171,1.8571428571428572,0
29213,14.285714285714286,0
22105,64.57142857142857,1.5714285714285714
35055,2.2857142857142856,0
48439,533.8571428571429,6.285714285714286
28137,11.857142857142858,0.14285714285714285
13267,11.571428571428571,0.14285714285714285
12123,10,0.14285714285714285
13269,1.1428571428571428,0
19173,1.4285714285714286,0
21217,1.8571428571428572,0
48441,12.714285714285714,0.7142857142857143
54091,1.2857142857142858,0
55119,1,0
17179,7.857142857142857,0
51185,4.142857142857143,0
6103,9,0
13271,2.4285714285714284,0
8119,2.4285714285714284,0
22107,1.5714285714285714,0
22109,58.57142857142857,0.42857142857142855
13273,2.142857142857143,0
48443,0,0
48445,5.428571428571429,0.2857142857142857
16081,0.5714285714285714,0
30099,0,0
56039,12.142857142857142,0
29215,1,0
40139,2.4285714285714284,0
31169,0.5714285714285714,0
13275,23.571428571428573,0.5714285714285714
20193,1.1428571428571428,0
31171,0,0
48447,0,0
31173,2,0.2857142857142857
53067,13.571428571428571,0.2857142857142857
13277,13.142857142857142,0.7142857142857143
41057,0.14285714285714285,0
40141,1.7142857142857142,0
36107,0.8571428571428571,0
42117,0.14285714285714285,0
28139,7.428571428571429,0
18157,15.285714285714286,0.14285714285714285
18159,5.714285714285714,0.14285714285714285
47167,23.571428571428573,0
28141,8.857142857142858,0.14285714285714285
48449,24.142857142857142,1
72135,12.857142857142858,0
72137,9.571428571428571,0
21219,0.14285714285714285,0
27153,0.7142857142857143,0
46121,0.14285714285714285,0
9013,3.7142857142857144,0
48451,63.857142857142854,0.8571428571428571
36109,2.2857142857142856,0
49045,9.714285714285714,0
30101,0,0
13279,17.428571428571427,0.14285714285714285
35057,1,0
38095,0.14285714285714285,0
13281,3,0
38097,0.8571428571428571,0
37175,1.7142857142857142,0
27155,0,0
48453,275.57142857142856,0
30103,0,0
20195,0,0
55121,5.571428571428571,0
13283,2.142857142857143,0
21221,1,0
21223,0.2857142857142857,0
6105,0,0
48455,1.8571428571428572,0.2857142857142857
46123,0.14285714285714285,0
13285,24.285714285714285,1.1428571428571428
47169,2.5714285714285716,0
72139,9.857142857142858,0
39155,20.714285714285715,1.7142857142857142
54093,0.14285714285714285,0
6107,248.85714285714286,0.7142857142857143
40143,234.42857142857142,1
28143,5.857142857142857,0.14285714285714285
6109,3.857142857142857,0.2857142857142857
13287,1.1428571428571428,0
46125,1.2857142857142858,0
1125,61,0.42857142857142855
39157,5,0.14285714285714285
26157,4.571428571428571,0
13289,2.2857142857142856,0.2857142857142857
16083,26.714285714285715,0.5714285714285714
48457,7.571428571428571,0.14285714285714285
54095,0.14285714285714285,0
37177,1.7142857142857142,0
56041,2.857142857142857,0
36111,5.142857142857143,0.2857142857142857
41059,51.142857142857146,1
90001,110.57142857142857,1.4285714285714286
90002,0,0
90004,0,0.14285714285714285
90005,43.857142857142854,0
90006,0,0
90009,1.2857142857142858,0
90010,4.857142857142857,0.14285714285714285
90012,15.142857142857142,0
90013,93.42857142857143,0
90015,0,0
90016,0,0
90017,12.142857142857142,-0.14285714285714285
90018,0,0.7142857142857143
90019,-1.1428571428571428,0
90020,0,0
90021,-0.14285714285714285,0
90022,0.5714285714285714,16
90023,-3.142857142857143,0
90024,0,-0.14285714285714285
90025,2.2857142857142856,0
90026,-3.7142857142857144,0
90027,10.714285714285714,0
90028,0,0
90029,0,0
90030,0,0
90031,3.4285714285714284,-0.2857142857142857
90032,0,0
90033,0,0
90034,-1.1428571428571428,0
90035,31,0
90036,0,0
90037,0,0
90038,0,0
90039,0,0
90040,2.5714285714285716,0
90041,0,0
90042,0,0
72999,10.142857142857142,4.142857142857143
90044,46.857142857142854,1.2857142857142858
90045,0,0
90046,0,0.14285714285714285
90047,220.57142857142858,0.2857142857142857
90048,0,11.571428571428571
90049,0,0
90050,0,0
90051,0,0
90053,-3.857142857142857,-0.14285714285714285
90054,0,0
90055,0,0
90056,0,0.14285714285714285
47171,5.714285714285714,0
5139,6.142857142857143,0.14285714285714285
12125,14.571428571428571,0.14285714285714285
13291,5.142857142857143,0.14285714285714285
17181,4.571428571428571,0
18161,0.8571428571428571,0
19175,1.4285714285714286,0
21225,1.4285714285714286,0
22111,5.714285714285714,0.14285714285714285
28145,14.428571428571429,0.2857142857142857
34039,-15,0.42857142857142855
35059,1.4285714285714286,0
37179,45.857142857142854,0.8571428571428571
39159,6.142857142857143,0
41061,0,0
42119,2.142857142857143,0
45087,9.571428571428571,0.2857142857142857
46127,2,0
47173,5.285714285714286,0
48459,5.571428571428571,0.2857142857142857
54097,0.42857142857142855,0
13293,3.7142857142857144,0
48461,0,0.14285714285714285
49049,129.42857142857142,0
72141,1.7142857142857142,0
48463,12.857142857142858,-0.2857142857142857
48465,54.285714285714285,2
2261,3.2857142857142856,0
35061,9.857142857142858,0.2857142857142857
16085,1,0
30105,0.42857142857142855,0
31175,0,0
5141,1,0
19177,0.2857142857142857,0
26159,8,0.2857142857142857
47175,1.8571428571428572,0
39161,0.8571428571428571,0
48467,6.428571428571429,-0.2857142857142857
37181,8.714285714285714,0
18163,44.142857142857146,0.2857142857142857
72143,4,0
72145,8,0
42121,0.8571428571428571,0
6111,125,1.1428571428571428
17183,6.285714285714286,0
22113,40,0.42857142857142855
18165,0.2857142857142857,0
22115,23.714285714285715,0.5714285714285714
29217,0.5714285714285714,0
55123,0.7142857142857143,0
48469,54.57142857142857,0
72147,0.5714285714285714,0
18167,10.857142857142858,0
55125,0.42857142857142855,0
72149,1,0
39163,0.2857142857142857,0
51810,137,0.7142857142857143
12127,134.71428571428572,2.4285714285714284
17185,0.2857142857142857,0
18169,2.2857142857142856,0
27157,2,0
20197,0,0
27159,0,0
40145,20.428571428571427,0.2857142857142857
53069,-0.14285714285714285,0
37183,170.85714285714286,3.142857142857143
12129,32.285714285714285,0.14285714285714285
23027,0,0
1127,21.285714285714285,1
13295,10.857142857142858,0
48471,16.285714285714285,1.8571428571428572
53071,9.714285714285714,0
48473,10.571428571428571,0.5714285714285714
41063,0,0
38099,1.5714285714285714,0
28147,6.571428571428571,0.2857142857142857
12131,32.57142857142857,0.14285714285714285
13297,19,0
46129,0,0
55127,17,0.42857142857142855
19179,7.285714285714286,0
38101,6.285714285714286,0
48475,1.8571428571428572,0
13299,21.142857142857142,0.42857142857142855
13301,0.2857142857142857,0
17187,2.5714285714285716,0
18171,0.2857142857142857,0
19181,8.428571428571429,0
21227,35.42857142857143,0.2857142857142857
28149,19.714285714285715,0.2857142857142857
29219,4.428571428571429,0
34041,5,-0.2857142857142857
36113,1.4285714285714286,0
37185,3.2857142857142856,0
39165,25.571428571428573,0.7142857142857143
42123,0,0
47177,12,0
51187,1.4285714285714286,-0.14285714285714285
18173,11.571428571428571,0
49051,3.4285714285714284,0
41065,2.2857142857142856,0
27161,3.142857142857143,0
56043,0.14285714285714285,0
55129,0.7142857142857143,0
1129,9,0.14285714285714285
5143,67.28571428571429,0.42857142857142855
8121,0,0
12133,18.142857142857142,0
13303,16.428571428571427,0
16087,2.7142857142857144,0
17189,2.142857142857143,0
18175,2,0
19183,1.7142857142857142,0.14285714285714285
20201,0,0
21229,1.4285714285714286,0
22117,17.142857142857142,0.2857142857142857
23029,0.14285714285714285,0
24043,14,0.14285714285714285
27163,29.714285714285715,0.2857142857142857
28151,27.285714285714285,0.8571428571428571
29221,1.1428571428571428,0
31177,1.8571428571428572,0
36115,0.5714285714285714,0
37187,4,0
39167,2.4285714285714284,0
40147,5.428571428571429,0
41067,43.857142857142854,0
42125,15.285714285714286,0
44009,1.4285714285714286,0
47179,42.285714285714285,0.2857142857142857
48477,7.714285714285714,0.42857142857142855
50023,0.2857142857142857,0
51191,4.571428571428571,0
55131,19,0.2857142857142857
40149,0.8571428571428571,0
32031,92.85714285714286,0.7142857142857143
26161,24.571428571428573,0
37189,6.714285714285714,0
27165,1.8571428571428572,0
55133,103.57142857142857,0.8571428571428571
55135,13.142857142857142,0
55137,4.285714285714286,0
13305,15.142857142857142,0.2857142857142857
17191,0.7142857142857143,0
18177,8.428571428571429,0.14285714285714285
19185,0.42857142857142855,0
21231,1.7142857142857142,0
26163,131.57142857142858,1
28153,7.428571428571429,0
29223,1.4285714285714286,0
31179,0,0
36117,1.5714285714285714,0
37191,14.571428571428571,0.14285714285714285
39169,5.714285714285714,0.14285714285714285
42127,0.7142857142857143,0
47181,4.142857142857143,0.14285714285714285
54099,2,0
51820,2.142857142857143,0
47183,9.714285714285714,0.14285714285714285
48479,143.57142857142858,-0.14285714285714285
13307,0.14285714285714285,0
19187,13.142857142857142,0
21233,1.1428571428571428,0.14285714285714285
22119,12.857142857142858,0
28155,4,0
29225,3.142857142857143,0
31181,0.14285714285714285,0
54101,0.14285714285714285,0
8123,27.714285714285715,0
18179,2.2857142857142856,0.14285714285714285
38103,0.42857142857142855,0
22121,14,0
22123,2.857142857142857,0
22125,1.8571428571428572,0.14285714285714285
36119,35.857142857142854,0.42857142857142855
42129,19.142857142857142,0.5714285714285714
51193,0.7142857142857143,0
56045,0.14285714285714285,0
54103,-0.14285714285714285,0
26165,1.1428571428571428,0
48481,13.714285714285714,2.2857142857142856
53073,9.857142857142858,0.14285714285714285
30107,0,0
13309,0.7142857142857143,0.14285714285714285
31183,0.14285714285714285,0
48483,0.7142857142857143,0
5145,7.571428571428571,0
13311,5.714285714285714,0
17193,2.4285714285714284,0
18181,3.2857142857142856,0
47185,5.714285714285714,0
32033,0,0
17195,6.857142857142857,0
13313,66.42857142857143,0.14285714285714285
18183,2.5714285714285716,0
21235,3.857142857142857,0.14285714285714285
53075,3.7142857142857144,0
30109,0,0
20203,0.14285714285714285,0
48485,15.857142857142858,0.14285714285714285
24045,8.714285714285714,0
48487,1.1428571428571428,0.14285714285714285
1131,4.285714285714286,0
13315,0.7142857142857143,0.2857142857142857
13317,2.5714285714285716,0
37193,5.857142857142857,0.2857142857142857
27167,0.14285714285714285,0
13319,2.7142857142857144,0.14285714285714285
28157,4.142857142857143,0.14285714285714285
17197,61.285714285714285,0.2857142857142857
48489,10.428571428571429,2
38105,5.857142857142857,0.14285714285714285
39171,2.142857142857143,0
45089,18.714285714285715,0.14285714285714285
51830,1.2857142857142858,0
17199,8.428571428571429,0.14285714285714285
47187,55.285714285714285,0.42857142857142855
48491,64.57142857142857,3.2857142857142856
20205,0.2857142857142857,0
37195,20.285714285714285,0
47189,34,0.14285714285714285
48493,6.857142857142857,1.2857142857142858
51840,1.7142857142857142,0
9015,3,0
50025,0.14285714285714285,0
50027,0.2857142857142857,0
48495,1.2857142857142858,0.14285714285714285
22127,4.142857142857143,0.42857142857142855
17201,29.285714285714285,1.2857142857142858
19189,1.4285714285714286,0
55139,13.428571428571429,0.2857142857142857
19191,1.4285714285714286,0
27169,5,0
1133,5.428571428571429,0.2857142857142857
28159,13.428571428571429,0.14285714285714285
54105,0,0
48497,6.857142857142857,-0.14285714285714285
51195,2.2857142857142856,0
21237,0.2857142857142857,0
39173,24.142857142857142,0.5714285714285714
48499,9.714285714285714,0
54107,2.4285714285714284,0.14285714285714285
55141,5.142857142857143,0
19193,11.857142857142858,0.14285714285714285
17203,1.5714285714285714,0
21239,2.5714285714285716,0
5147,0,0
40151,0.42857142857142855,0
20207,0,0
40153,1,0
24047,11.142857142857142,0
25027,38.857142857142854,1.7142857142857142
13321,3.2857142857142856,0.14285714285714285
19195,0.7142857142857143,0
29227,0,0
2275,0.2857142857142857,0
19197,1.7142857142857142,0
27171,12.428571428571429,0.14285714285714285
29229,0.42857142857142855,0
39175,5.285714285714286,0
20209,64,0.42857142857142855
36121,0.5714285714285714,0
42131,0.7142857142857143,0.14285714285714285
54109,1.2857142857142858,0.14285714285714285
51197,3,0.2857142857142857
72151,3.4285714285714284,0
37197,6.142857142857143,0
53077,71,1.2857142857142858
28161,5.857142857142857,0.14285714285714285
41071,6.714285714285714,0.14285714285714285
37199,1,0
46135,1.2857142857142858,0
36123,0.14285714285714285,0
72153,5.285714285714286,0
4025,25.571428571428573,0.7142857142857143
28163,11,0.5714285714285714
5149,6.857142857142857,0.14285714285714285
27173,0.8571428571428571,0
30111,25.571428571428573,0.7142857142857143
48501,1.5714285714285714,0.14285714285714285
6113,35.142857142857146,0.7142857142857143
23031,4.142857142857143,0
31185,0.42857142857142855,0
42133,20.571428571428573,1.4285714285714286
45091,60,1.2857142857142858
51199,7.571428571428571,0
48503,5.142857142857143,0.2857142857142857
6115,12.571428571428571,0
2290,1.8571428571428572,0.14285714285714285
4027,127.57142857142857,3.5714285714285716
8125,0.14285714285714285,0
48505,1.5714285714285714,0
48507,6.571428571428571,0.42857142857142855
46137,0.5714285714285714,0
88888,0,0
99999,0,0
66,4.571428571428571,0
69,0.2857142857142857,0
78,10.142857142857142,0.14285714285714285
40129,0.5714285714285714,0
2070,0,0
16061,0,0
41069,0,0
