countyfips,mean_confirmed_7d_avg,mean_deaths_7d_avg
45001,259.42857142857144,2.857142857142857
22001,2089.285714285714,60.285714285714285
51001,1060,15
16001,6709.142857142857,42.714285714285715
19001,20.428571428571427,0
21001,176.57142857142858,19
29001,117.42857142857143,0
40001,219.85714285714286,4.428571428571429
8001,5417.857142857143,166
16003,15.428571428571429,0
17001,315,1
18001,66.57142857142857,1
19003,12.285714285714286,0
28001,481.2857142857143,22.142857142857142
31001,323,11
39001,40.285714285714285,2
42001,435.57142857142856,16.285714285714285
53001,335.2857142857143,0.42857142857142855
55001,57.285714285714285,2
50001,71.14285714285714,2
72001,73.85714285714286,0
72003,84.42857142857143,0
72005,136.57142857142858,0
72007,88,0
72009,65.57142857142857,0
45003,1173.5714285714287,21.285714285714285
27001,23.428571428571427,0
12001,2971.4285714285716,17
37001,1888.2857142857142,40.285714285714285
6001,10029.57142857143,174.57142857142858
8003,216.42857142857142,7
36001,2412.714285714286,122.42857142857143
56001,75.85714285714286,0
51003,679.8571428571429,10
26001,27.142857142857142,1
28003,232.42857142857142,2.4285714285714284
2013,1,0
2016,1.8571428571428572,0
17003,33.714285714285715,0
37003,240,2
51510,2659.714285714286,56.42857142857143
40003,1.2857142857142858,0
26003,4.714285714285714,0
19005,144.14285714285714,4
26005,456.7142857142857,7.142857142857143
24001,248,18
36003,73.14285714285714,1
37005,57.857142857142854,0
51005,56.142857142857146,2
42003,7000.714285714285,215.57142857142858
18003,3281.4285714285716,149.57142857142858
20001,11,0
21003,207.42857142857142,7.857142857142857
22003,884.2857142857143,15.714285714285714
39003,513.1428571428571,41
45005,138.42857142857142,3
26007,125,13
6003,2,0
6005,70.14285714285714,0
51007,62.714285714285715,1
51009,72.85714285714286,0
28005,163.85714285714286,4
72011,97.28571428571429,0
2020,1177.4285714285713,9
20003,24.714285714285715,0
21005,44.714285714285715,1
45007,1611,32.285714285714285
47001,388.57142857142856,3.4285714285714284
48001,2104,4.571428571428571
29003,71.85714285714286,1
48003,217.42857142857142,3.5714285714285716
23001,525.2857142857143,5
48005,1295.142857142857,16
24003,6247.428571428572,213.85714285714286
27003,2900.4285714285716,110.85714285714286
37007,274.57142857142856,2
31003,17,1
26009,32.42857142857143,0
4001,2863.5714285714284,121.14285714285714
19007,34.857142857142854,3
13001,477,15.857142857142858
51011,56.42857142857143,0
48007,118.14285714285714,0.8571428571428571
8005,6366.714285714285,357.7142857142857
48009,13.857142857142858,0
8007,24.857142857142858,0
72013,210.14285714285714,0
26011,39.857142857142854,2
5001,159.28571428571428,1
51013,2786.1428571428573,135
42005,143.28571428571428,6
48011,3.5714285714285716,0
23003,30.857142857142858,1
72015,68,0
31005,0,0
22005,2166.4285714285716,65
37009,84.85714285714286,1
39005,110,4
55003,13.285714285714286,0
5003,162.28571428571428,4
39007,500,44
53003,21.857142857142858,2
22007,481.7142857142857,17.857142857142858
48013,387,4
20005,53.714285714285715,0
29005,10.285714285714286,0
39009,305.7142857142857,1
13003,254.28571428571428,2
34001,3200.714285714286,239.71428571428572
40005,52.857142857142854,0
28007,442.57142857142856,23
29007,175.71428571428572,1
19009,23.714285714285715,1
39011,157.85714285714286,5
51015,235.14285714285714,2.5714285714285716
46003,36.42857142857143,0
48015,175.71428571428572,1.1428571428571428
1001,888.1428571428571,20
37011,65.14285714285714,0
22009,775,22.857142857142858
8009,14,0
13005,369.2857142857143,5
48017,129.42857142857142,2
12003,272.7142857142857,4
13007,48.42857142857143,3
41001,17.857142857142858,0
1003,2449.8571428571427,16.285714285714285
13009,805.2857142857143,36.714285714285715
21007,27,0
24005,10550.42857142857,522
24510,10052.42857142857,394.85714285714283
45009,346.2857142857143,5.571428571428571
48019,62.857142857142854,0.14285714285714285
13011,201.14285714285714,3
31007,2,0
16005,233.71428571428572,1.1428571428571428
26013,5,0
20007,3.857142857142857,0
1005,506.7142857142857,4
54001,27.285714285714285,1
72017,47.57142857142857,0
38003,28.571428571428573,0
25001,1672.2857142857142,154.71428571428572
45011,256,1.7142857142857142
72019,147.71428571428572,0
21009,231.14285714285714,2
55005,97.57142857142857,2.142857142857143
13013,873.1428571428571,31.428571428571427
26015,165,2
29009,182.14285714285714,0
18005,663.7142857142857,45
20009,86.85714285714286,3
29011,52.42857142857143,0
13015,1280,51
48021,1132.7142857142858,12.714285714285714
29013,26.571428571428573,1
21011,26,1
51017,2.7142857142857144,0
5005,51.57142857142857,0
12005,2593.8571428571427,13.857142857142858
26017,504.14285714285717,31
72021,876,0
55007,15.857142857142858,1
48023,3.4285714285714284,0
46005,577.2857142857143,9
16007,4.714285714285714,0
37013,245.85714285714286,1
45013,2825.1428571428573,32.285714285714285
22011,578.8571428571429,10.714285714285714
40007,34.142857142857146,0
42007,1076.857142857143,81.85714285714286
30001,20.571428571428573,0
27005,96.85714285714286,0
40009,29.857142857142858,0
42009,113.57142857142857,4
47003,729.8571428571429,10
51019,218.42857142857142,4
48025,336.85714285714283,1.7142857142857142
33001,99.28571428571429,4
21013,204.14285714285714,1.1428571428571428
48027,2948.8571428571427,19
39013,580.5714285714286,25.857142857142858
27007,132.28571428571428,0
13017,291.2857142857143,1
16009,39.142857142857146,0
46007,5,0
50003,80.85714285714286,1
38005,43.857142857142854,1
8011,5,0
5007,4106.571428571428,30.857142857142858
18007,55,0
19011,106.28571428571429,1
27009,279.7142857142857,3
28009,86.28571428571429,0
29015,46.857142857142854,0.14285714285714285
41003,132.42857142857142,6
47005,40.142857142857146,1
53005,3075.1428571428573,103.85714285714286
26019,27.285714285714285,1
34003,20163.428571428572,2038.7142857142858
45015,3316.1428571428573,46.142857142857146
54003,591.2857142857143,10
42011,4959.857142857143,361.85714285714283
25003,634.5714285714286,45
35001,4210.285714285715,107.85714285714286
13019,217.28571428571428,0
26021,1192,62.42857142857143
37015,198.42857142857142,4
2050,17.571428571428573,0
48029,34612,325.7142857142857
1007,299.57142857142856,2
13021,2559.8571428571427,49.857142857142854
22013,333.57142857142856,28.285714285714285
30003,193,5
56003,32.857142857142854,0
27011,20.428571428571427,0
38007,1,0
16011,136.42857142857142,2
19013,2799.4285714285716,61.285714285714285
18009,46.285714285714285,2
37017,516,5
16013,562,5.857142857142857
30005,6.714285714285714,0
31009,0,0
40011,26,0
42013,164.71428571428572,1.7142857142857142
48031,80.71428571428571,1.1428571428571428
51021,7,0
13023,110,1.8571428571428572
47007,646,1
1009,543.5714285714286,1
47009,726,6.714285714285714
27013,737.5714285714286,3
16015,28.142857142857142,0
28011,698.4285714285714,24
29017,48.714285714285715,0
46009,13,0
17005,33.42857142857143,1.2857142857142858
16017,113.71428571428571,0
16019,451,1
5009,98.85714285714286,1
17007,677.5714285714286,22.142857142857142
18011,565.5714285714286,45
19015,205.85714285714286,1
21015,899,23.571428571428573
29019,862,2.7142857142857144
31011,7,0
54005,65.85714285714286,0
48035,94.14285714285714,0.14285714285714285
22015,1771.2857142857142,56.285714285714285
51023,171.28571428571428,4
38009,8.285714285714286,0
8013,1725,74
16021,24.857142857142858,0
20011,61.142857142857146,1
21017,60.857142857142854,1
48037,666.5714285714286,18.428571428571427
38011,4.571428571428571,0
31013,8.714285714285714,0
21019,134.85714285714286,3
31015,1,0
21021,87.71428571428571,0
21023,25.428571428571427,0
12007,219,2.5714285714285716
42015,72.14285714285714,3
5011,110.42857142857143,2
47011,1367.857142857143,8.857142857142858
26023,303.85714285714283,2
13025,191.28571428571428,3.142857142857143
54007,7.571428571428571,0
48039,5247.571428571428,37.714285714285715
48041,3569.8571428571427,42.142857142857146
21025,18.857142857142858,0
21027,39.857142857142854,2
19017,155.85714285714286,7
12009,4760.142857142857,61.142857142857146
48043,168.57142857142858,1.1428571428571428
48045,9.571428571428571,1
25005,8820.285714285714,615.5714285714286
44001,289,0
51520,33.857142857142854,0
2060,6,0
30007,9.285714285714286,0
54009,43.57142857142857,0
46011,108.14285714285714,0
13027,305.14285714285717,12.428571428571429
48047,63.714285714285715,0.42857142857142855
36007,952.1428571428571,62.285714285714285
8014,375.2857142857143,31.857142857142858
12011,46604.42857142857,560
17009,11.714285714285714,0
18013,60.42857142857143,1
20013,27,0
27015,66.14285714285714,2
31017,0,0
39015,79.28571428571429,1
46013,373.2857142857143,2
48049,305,14.714285714285714
55009,3692.714285714286,48.714285714285715
46015,38,0
37019,1028.2857142857142,12.285714285714286
51025,168.71428571428572,1
13029,434.42857142857144,5.857142857142857
40013,286.42857142857144,1
19019,85.42857142857143,1
29021,1007.1428571428571,9.714285714285714
51027,61.285714285714285,0
51029,589.8571428571429,6
42017,6601.142857142857,573.7142857142857
19021,1769,12
51530,38.142857142857146,0
31019,266.2857142857143,1
46017,104.57142857142857,3
55011,33.142857142857146,2
21029,241.57142857142858,4
13031,880,9
1011,404.57142857142856,10.857142857142858
37021,1346.4285714285713,43
17011,68.85714285714286,2
13033,303.57142857142856,7
37023,1418.2857142857142,24.428571428571427
38013,11.142857142857142,0
38015,697.7142857142857,2.5714285714285716
48051,211.42857142857142,0.5714285714285714
34005,5543.714285714285,468.42857142857144
48053,395.85714285714283,6.857142857142857
55013,8,1
31021,16.857142857142858,0
1013,703.2857142857143,33.857142857142854
19023,91.14285714285714,2
20015,149,0
21031,284.57142857142856,14
29023,176.14285714285714,1.1428571428571428
31023,53.142857142857146,0
39017,2326.1428571428573,53.42857142857143
42019,533.8571428571429,14
6007,736.7142857142857,5.285714285714286
46019,7.571428571428571,1
13035,392.57142857142856,35.857142857142854
37025,2091.1428571428573,36.857142857142854
54011,256.2857142857143,2
72023,148.85714285714286,0
22017,5434.142857142857,263.85714285714283
40015,259.2857142857143,11.571428571428571
72025,474,0
6009,96.85714285714286,1
22019,5093.428571428572,94.57142857142857
21033,41.57142857142857,0
22021,168.85714285714286,1
29025,25.857142857142858,1
37027,898.8571428571429,9.857142857142858
48055,952.7142857142857,8.714285714285714
50005,25,0
1015,979.8571428571429,6
5013,8.571428571428571,0
12013,242.14285714285714,7
13037,179.42857142857142,6
17013,4.714285714285714,0
19025,72.28571428571429,2
26025,684.5714285714286,39
28013,318.57142857142856,6.285714285714286
45017,252.42857142857142,3.142857142857143
48057,344.14285714285717,2.857142857142857
54013,5.142857142857143,0
48059,37.42857142857143,2.142857142857143
29027,88.42857142857143,1
21035,145.42857142857142,2
55015,204.85714285714286,2
24009,518.7142857142857,27
16025,1,0
42021,202,3
13039,463.7142857142857,3.5714285714285716
29029,168,2.7142857142857144
34007,7980,564.4285714285714
37029,50.142857142857146,2
22023,150.85714285714286,0
42023,5,0
48061,7178.428571428572,163.57142857142858
48063,179.85714285714286,2.2857142857142856
21037,441.85714285714283,13
46021,1,0
47013,124.14285714285714,1
51031,96.57142857142857,1
56005,102.71428571428571,0
72027,75.42857142857143,0
40017,776.4285714285714,4
13043,160,0.8571428571428571
47015,85.71428571428571,0
72029,242.71428571428572,0
16027,3823.5714285714284,24.857142857142858
29031,510.14285714285717,3
34009,776.1428571428571,85.28571428571429
30009,43.857142857142854,0
42025,341.7142857142857,28
56007,57.714285714285715,0
16029,21,0
21039,16.142857142857142,1
27017,110.57142857142857,0
72031,705,0
24011,384,3
51033,167,4
5015,308.42857142857144,6
13045,1482.2857142857142,42
17015,28.714285714285715,2
18015,120.57142857142857,2
19027,157.28571428571428,1
21041,131.71428571428572,2
24013,1339.2857142857142,115.28571428571429
28015,228.57142857142858,11
29033,61.57142857142857,0
33003,77.71428571428571,0.8571428571428571
39019,92.28571428571429,4
47017,111.28571428571429,2
51035,289.7142857142857,10
48065,10,0
32510,268,6.857142857142857
21043,77.28571428571429,1
29035,9.714285714285714,1
40019,240,3
47019,264.85714285714283,2.7142857142857144
37031,223.14285714285714,5
27019,635,2
30013,97.85714285714286,2
21045,128.14285714285714,8.142857142857142
17017,164.42857142857142,11
18017,1698,9
19029,33.857142857142854,0
26027,249.42857142857142,8
27021,37.857142857142854,2
29037,396.14285714285717,8
31025,130.85714285714286,1
38017,2751.285714285714,74.85714285714286
48067,113.85714285714286,3.4285714285714284
16031,396.14285714285717,1
48069,146.57142857142858,1.1428571428571428
37033,170.71428571428572,2
22025,238.14285714285714,3
72033,112.71428571428571,0
37035,1662.7142857142858,19.142857142857142
13047,436.85714285714283,8
35003,4,1
36009,149.42857142857142,6
38019,26.857142857142858,0
72035,146.57142857142858,0
36011,136.42857142857142,2
24015,584.1428571428571,30
19031,106.57142857142857,1
29039,29.857142857142858,0
31027,20,0
72037,46,0
42027,318.42857142857144,9
19033,505.14285714285717,15.714285714285714
8015,239.57142857142858,19
1017,761.1428571428571,35.714285714285715
48071,785.4285714285714,4.571428571428571
17019,1342.4285714285713,17
39021,79.28571428571429,1
29041,12.857142857142858,0
24017,1696.7142857142858,90
51036,45,3
46023,98.57142857142857,0
45019,10301.42857142857,123.14285714285714
26029,41.857142857142854,2
12015,1608.857142857143,82.28571428571429
51037,44,0
51540,399,8
13049,239.71428571428572,2.5714285714285716
20017,6,0
31029,4,0
13051,4017,45.142857142857146
37037,1147.142857142857,47.857142857142854
13053,506.42857142857144,1
13055,123.14285714285714,2
20019,5,0
36013,213.14285714285714,7.571428571428571
35005,248,4
47021,411.85714285714283,4
26031,32.714285714285715,2
53007,865,7.428571428571429
36015,158,2.2857142857142856
36017,196.85714285714286,6
1019,187,7
13057,2356.8571428571427,51
19035,93.42857142857143,1
20021,64,1
37039,183.14285714285714,2.5714285714285716
40021,202,1
45021,428.7142857142857,15.857142857142858
48073,604.5714285714286,2.2857142857142856
31031,3.5714285714285716,0
51550,1990.857142857143,24.285714285714285
33005,80.42857142857143,2
42029,4549.571428571428,342.42857142857144
45023,424.7142857142857,6.571428571428571
47023,136.14285714285714,0
45025,590.4285714285714,18.142857142857142
51041,3654.5714285714284,65.57142857142857
8017,7.428571428571429,0
20023,2,0
31033,22.428571428571427,0
19037,43,0
28017,370.7142857142857,19
5017,288.42857142857144,3.2857142857142856
48075,16.142857142857142,0
1021,546,4
26033,25.714285714285715,0
27023,87.85714285714286,1
55017,181.57142857142858,0
27025,142.71428571428572,1
50007,705.5714285714286,39
1023,251,12
28019,101.71428571428571,4
40023,150.57142857142858,1
30015,3,0
37041,83,0
17021,70,4
21047,388.2857142857143,4.428571428571429
29043,155.14285714285714,1
32001,39.57142857142857,1
72039,94.57142857142857,0
35006,286.7142857142857,17
72041,112.42857142857143,0
40025,1,0
12017,998.4285714285714,19
41005,1221.5714285714287,33.57142857142857
22027,189.71428571428572,10
28021,368.7142857142857,11.857142857142858
47025,143,0
53009,74,0
26035,46,3
45027,644.1428571428571,48.285714285714285
42031,71,2
5019,122.28571428571429,0
16033,1,0
17023,53.142857142857146,0
18019,867,45
20025,39.285714285714285,1
21049,125.71428571428571,7
29045,2,0
32003,34880.28571428572,587.1428571428571
39023,970.4285714285714,11
46025,16,0
53011,1302.142857142857,33
55019,152.28571428571428,7
1025,420.7142857142857,8.571428571428571
13059,1386.7142857142858,15
19039,157.57142857142858,3
28023,268.57142857142856,25
51043,63.285714285714285,0
41007,67.85714285714286,0
1027,147.42857142857142,2.7142857142857144
5021,99.57142857142857,3.857142857142857
12019,2393.285714285714,45.714285714285715
13061,68.42857142857143,2
17025,9.142857142857142,0
18021,78.57142857142857,5
19041,163.57142857142858,1
20027,14.428571428571429,2
21051,128.14285714285714,4
27027,691.7142857142857,39
28025,325.2857142857143,13
29047,691.4285714285714,17.142857142857142
31035,42.285714285714285,0
37043,50.57142857142857,0
46027,102.71428571428571,0
47027,40.57142857142857,0
48077,22.714285714285715,0.14285714285714285
54015,17,1
13063,3822.8571428571427,89.85714285714286
19043,72.57142857142857,3
8019,24.714285714285715,1
42033,110.28571428571429,0
16035,12.285714285714286,0
27029,14.142857142857142,0
1029,89.42857142857143,1
5023,167.57142857142858,5
39025,695.8571428571429,9.142857142857142
5025,53.285714285714285,0.5714285714285714
37045,787.1428571428571,12.428571428571429
40027,1970,40.42857142857143
13065,150,4
17027,289.85714285714283,17
18023,318.7142857142857,3
19045,210.85714285714286,2
21053,15,0
26037,347.42857142857144,12
29049,48.57142857142857,0
36019,116.85714285714286,4
39027,122.57142857142857,4
42035,106.85714285714286,5
20029,26.285714285714285,0
28027,494.42857142857144,7
40029,21.714285714285715,0
72043,84.57142857142857,0
13067,9598.714285714286,280.14285714285717
4003,1337.5714285714287,36.42857142857143
48079,10.142857142857142,0
47029,262,1
4005,2808.1428571428573,110
46029,109.14285714285714,0
1031,598.5714285714286,4.714285714285714
13069,1142.2857142857142,21.285714285714285
47031,252.71428571428572,0
20031,62.142857142857146,8
48081,22.142857142857142,1
1033,845.5714285714286,10.142857142857142
29051,203,2
48083,8.142857142857142,0
17029,282.42857142857144,17
31037,687.2857142857143,4
35007,11.571428571428571,1
45029,639.2857142857143,29.142857142857142
12021,8531,115.14285714285714
48085,5660.285714285715,69.57142857142857
48087,6,0
51570,170,20
48089,222,0.2857142857142857
13071,1394.5714285714287,20.571428571428573
5027,156,5
12023,1882.7142857142858,8.285714285714286
13073,1408.7142857142858,17.285714285714285
36021,498.57142857142856,37
41009,66.42857142857143,0
42037,444.42857142857144,35
53013,10.857142857142858,0
55021,181.28571428571428,1
39029,1486.142857142857,60.57142857142857
37047,734.7142857142857,41.285714285714285
6011,255.42857142857142,1.7142857142857142
48091,1468.2857142857142,44.42857142857143
20033,3,0
40031,642.7142857142857,9
48093,197.14285714285714,2.142857142857143
72045,89,0
48095,21,0.14285714285714285
22029,220.28571428571428,7
1035,318.14285714285717,9
8021,21.285714285714285,0
6013,6565.857142857143,103
56009,30,0
5029,119.14285714285714,3
13075,322.42857142857144,5
17031,101334.28571428571,4817.428571428572
27031,2,0
48097,165.71428571428572,0.42857142857142855
29053,43.142857142857146,0
33007,15.142857142857142,0
41011,75.85714285714286,0
1037,78.71428571428571,1.7142857142857142
28029,802.7142857142857,20.857142857142858
72047,101.28571428571429,0
46031,23.571428571428573,0
36023,81.14285714285714,0
48099,510.2857142857143,3.2857142857142856
39031,170.28571428571428,4.571428571428571
8023,22,0
48101,6.428571428571429,1.1428571428571428
40033,14.285714285714286,2
27033,154.85714285714286,0
1039,605.4285714285714,17.714285714285715
28031,512.1428571428571,7.714285714285714
51580,8,0
13077,1128.142857142857,17
20035,125.42857142857143,2
53015,383.7142857142857,2.7142857142857144
40035,47.714285714285715,0
51045,11.571428571428571,0
5031,890.8571428571429,8.142857142857142
48103,65,8.857142857142858
37049,566.7142857142857,8
5033,417.14285714285717,3
13079,76.42857142857143,0
17033,28.142857142857142,0
18025,38.142857142857146,0
19047,691.8571428571429,3
20037,354.42857142857144,1
26039,92.28571428571429,5
29055,32.42857142857143,0
39033,154.71428571428572,5
42039,115.85714285714286,1
55023,50.142857142857146,0
40037,336.2857142857143,10.428571428571429
1041,216,3
13081,345.42857142857144,13.571428571428571
5035,1047.142857142857,15.571428571428571
21055,22.142857142857142,1
47033,135.57142857142858,3
48105,128.57142857142858,2
41013,30.571428571428573,1
56011,9,0
48107,41.42857142857143,2.857142857142857
5037,137.28571428571428,1
27035,148.28571428571428,12
8025,72.14285714285714,1
48109,13.571428571428571,1.1428571428571428
72049,13.142857142857142,0
1043,908.5714285714286,7.857142857142857
51047,916.1428571428571,12
17035,38.142857142857146,1.4285714285714286
21057,23.142857142857142,0
23005,1992,68
34011,3111.4285714285716,154.14285714285714
37051,2212.5714285714284,48.42857142857143
42041,1089.5714285714287,69.57142857142857
47035,291.14285714285717,6
51049,60,0
31039,45.42857142857143,0
37053,59.42857142857143,0
35009,352.2857142857143,1.5714285714285714
41015,12,0
8027,10,0
16037,7,0
30017,44.42857142857143,0
31041,41,4
40039,140.42857142857142,0
46033,11,0
39035,11360.285714285714,442.85714285714283
13083,92.14285714285714,1
29057,9,0
27037,3331,101.28571428571429
31043,1882.142857142857,38.285714285714285
1045,625.1428571428571,12.142857142857142
48111,167.28571428571428,2
1047,1175.4285714285713,17.857142857142858
5039,28.857142857142858,0
19049,1633,34
29059,36.142857142857146,1
48113,44957.71428571428,582.5714285714286
55025,3728.8571428571427,33.142857142857146
51590,232.71428571428572,3
37055,171.28571428571428,1
39037,273.14285714285717,26
45031,823,25
42043,2501.8571428571427,152.14285714285714
37057,1493,16
47037,17263,180.42857142857142
37059,302.57142857142856,4
18027,191,18
21059,617.5714285714286,7
29061,16.142857142857142,0
19051,47.285714285714285,1
49011,2588.1428571428573,9.857142857142858
46035,76.42857142857143,0
31045,4,0
13085,223.57142857142858,3
30021,8.857142857142858,0
31047,903,8.571428571428571
48115,116.85714285714286,1.4285714285714286
46037,20.285714285714285,0
35011,0,0
22031,550,23.285714285714285
17039,24.285714285714285,0
1049,1427.5714285714287,8.714285714285714
13089,10695,201.28571428571428
17037,754.8571428571429,23.857142857142858
18033,190,4
29063,24.714285714285715,1
47041,201.14285714285714,1
12027,1145.5714285714287,14
28033,2633.285714285714,20.714285714285715
48123,448.2857142857143,11.285714285714286
48117,496.2857142857143,18.142857142857142
18029,377.2857142857143,25.857142857142858
13087,463.57142857142856,8
18031,271.57142857142856,32
19053,16.428571428571427,0
20039,4.857142857142857,0
47039,86.42857142857143,0
30023,11.142857142857142,0
39039,99.57142857142857,4
6015,82,0
18035,538,52
19055,72.85714285714286,1
36025,96,4
39041,1018.8571428571429,16.285714285714285
40041,337.7142857142857,19
42045,8151.428571428572,678.2857142857143
8029,94.57142857142857,1
26041,56.714285714285715,3
48119,11.857142857142858,0
2068,1,0
29065,9.285714285714286,0
48121,5680,49.285714285714285
8031,8927.42857142857,403.14285714285717
19057,124.85714285714286,2
41017,419.85714285714283,2.142857142857143
5041,123.28571428571429,1
31049,1,0
46039,6.285714285714286,0
40043,4.571428571428571,0
46041,50.285714285714285,0
48125,4,0.14285714285714285
51051,12,0
38021,8.142857142857142,0
19059,353.14285714285717,4
20041,35.142857142857146,1
26043,38.714285714285715,2
47043,447,0.14285714285714285
45033,479.85714285714283,20.285714285714285
48127,76.57142857142857,0
51053,175.28571428571428,2
11001,11647.285714285714,580.8571428571429
38023,1,0
12029,215.57142857142858,4
31051,56,2
13091,190.28571428571428,2
27039,116.71428571428571,0
31053,734.2857142857143,8
55027,600,5
8033,1.5714285714285714,0
35013,1916.5714285714287,15.428571428571429
20043,40.857142857142854,0
48129,37.285714285714285,0
13093,229.14285714285714,14
55029,79,3
72051,198.71428571428572,0
24019,296,5
45035,2345.8571428571427,27.571428571428573
13095,2419,160.14285714285714
8035,1460.5714285714287,55.285714285714285
13097,1957.7142857142858,44.42857142857143
17041,91.28571428571429,0.7142857142857143
20045,573,1.7142857142857142
27041,110,0
29067,39.285714285714285,1
31055,9316.857142857143,119.42857142857143
32005,121.14285714285714,0
41019,106,1
46043,15.714285714285714,0
53017,602.7142857142857,5
55031,84.85714285714286,0
5043,127.71428571428571,2
17043,10696,504.42857142857144
18037,507.85714285714283,9
19061,1312.7142857142858,25.428571428571427
31057,0.42857142857142855,0
29069,184.14285714285714,3
38025,26.285714285714285,0
55033,81.71428571428571,0
37061,1838.2857142857142,38.57142857142857
37063,5355.142857142857,74.85714285714286
36027,4407.428571428572,152.85714285714286
12031,18814.714285714286,124
48131,116.42857142857143,0.14285714285714285
47045,412.57142857142856,5
8037,921.1428571428571,9
13099,332.14285714285717,31
22033,9313.57142857143,302.7142857142857
22035,484.14285714285717,1
22037,437.14285714285717,34.57142857142857
48133,36.857142857142854,0.14285714285714285
26045,403,7
55035,423.14285714285717,2.7142857142857144
13101,216.14285714285714,0
48135,2753.285714285714,35.42857142857143
35015,211.57142857142858,2
38027,7.857142857142857,0
17045,21.714285714285715,0
37065,492.14285714285717,10
45037,204.28571428571428,5
21061,86,12
46045,10,0
17047,6,0
20047,8.714285714285714,0
48137,19.857142857142858,0
13103,491,1
17049,55.714285714285715,1
6017,501.42857142857144,1
8041,3939.285714285714,124
48141,12720,210.42857142857142
8039,76.14285714285714,2
13105,268.14285714285717,1
20049,1,0
42047,38.42857142857143,2
18039,4242.142857142857,69.71428571428571
32007,374.14285714285717,2
21063,7.142857142857143,0
20051,101.42857142857143,0
40045,2.5714285714285716,0
48139,2203.1428571428573,22.571428571428573
20053,15.142857142857142,0
1051,1385.857142857143,32.714285714285715
16039,137.14285714285714,2
13107,299.85714285714283,4.714285714285714
19063,133.28571428571428,0.5714285714285714
26047,50.57142857142857,2
38029,11.428571428571429,1
51595,156,15
48143,362.85714285714283,3.4285714285714284
36029,8224.57142857143,662.1428571428571
39043,412.2857142857143,22.857142857142858
42049,834.5714285714286,14.142857142857142
1053,764.5714285714286,14.571428571428571
12033,6650.142857142857,73.14285714285714
32009,0,0
25009,16885,1158.857142857143
34013,19237.14285714286,2097.5714285714284
36031,53.714285714285715,0
50009,4,0
51057,72.42857142857143,0.42857142857142855
21065,9,0
1055,1550.142857142857,16
32011,2,0
22039,593.8571428571429,2
13109,143.57142857142858,0.7142857142857143
2090,349.57142857142856,3.2857142857142856
51059,15207.57142857143,513
51600,74,7
9001,17313.285714285714,1401
39045,1015.1428571428571,18.714285714285715
45039,468.85714285714283,23
72053,149.28571428571428,0
46047,14,0
30025,1.4285714285714286,0
48145,93.57142857142857,0.14285714285714285
51610,54.714285714285715,6
13111,220.57142857142858,2
48147,182.28571428571428,7.857142857142857
27043,73.14285714285714,0
46049,25,1
5045,1015.5714285714286,4
51061,552.4285714285714,8
1057,131.71428571428572,5
13113,759.8571428571429,22.142857142857142
17051,40.857142857142854,3
18041,128.71428571428572,7
19065,68.85714285714286,0
21067,2304.714285714286,42.57142857142857
39047,66,0
42051,299.14285714285717,4
47047,513.8571428571429,7.857142857142857
48149,318.57142857142856,6
54019,109.28571428571429,4.714285714285714
47049,48.857142857142854,0
30027,4,0
53019,7.428571428571429,0
27045,51.714285714285715,0
31059,20.857142857142858,1
20055,1666.857142857143,10
48151,22.857142857142858,1
12035,750.2857142857143,7.714285714285714
30029,168,2
21069,42.714285714285715,0
45041,2345.4285714285716,76
55037,5.142857142857143,0
72054,98,0
13115,978,15
18043,543.7142857142857,44
19067,95.28571428571429,2
21071,68.85714285714286,1
48153,64,4
51063,27.142857142857142,1
51065,156.42857142857142,8
48155,1.7142857142857142,0
55039,473.85714285714283,6
17053,35.285714285714285,1
20057,1996.7142857142858,8
42053,7,0
55041,54.285714285714285,4
28035,1336,45.57142857142857
13117,1539.7142857142858,16
37067,4455.714285714285,41
48157,6397.857142857143,84.71428571428571
38031,6.285714285714286,0
18045,49.57142857142857,2
1059,1064,17.571428571428573
5047,67.14285714285714,1
12037,83.71428571428571,0.8571428571428571
13119,316,3
16041,39.57142857142857,0
17055,90,0
18047,163.42857142857142,8
19069,161.71428571428572,2.7142857142857144
20059,126.85714285714286,1
21073,204,5
22041,681.2857142857143,15.857142857142858
23007,45,1
25011,392.42857142857144,58
28037,81,2
29071,421.2857142857143,18
31061,8.142857142857142,0
36033,42.57142857142857,0
37069,663.8571428571429,24
39049,15222,484.85714285714283
42055,1157.857142857143,46
47051,184.14285714285714,3
48159,74.28571428571429,1
50011,112.71428571428571,6
51067,135.14285714285714,1
53021,2950,44
51620,100.85714285714286,4
24021,2841.8571428571427,120
51069,622.1428571428571,7
51630,312.7142857142857,1.4285714285714286
27047,334.57142857142856,1
48161,120.14285714285714,0
8043,85.28571428571429,0
16043,34.285714285714285,0
19071,19.714285714285715,0
56013,444.14285714285717,0
6019,11996.857142857143,108.57142857142857
48163,410.14285714285717,1.8571428571428572
31063,3,0
5049,22.142857142857142,0
13121,15058.142857142857,362
17057,21.857142857142858,0
18049,106,1.1428571428571428
21075,38.142857142857146,1
36035,268.57142857142856,24
39051,109.14285714285714,0
42057,20.142857142857142,1.5714285714285714
31065,12.285714285714286,1
12039,1075.142857142857,12.428571428571429
31067,72.42857142857143,4
48165,78.42857142857143,0
51640,313.2857142857143,16
17059,29.428571428571427,0
21077,76,8
30031,714.7142857142857,1
39053,39.57142857142857,1
48167,7860.285714285715,68.42857142857143
31069,4,0
8045,589.4285714285714,4
30033,11.857142857142858,0
31071,3,0
40047,226.85714285714286,2.4285714285714284
53023,2,0
5051,606,5
21079,52.285714285714285,0
24023,39.57142857142857,0
40049,163.42857142857142,3.4285714285714284
48169,89.14285714285714,1.4285714285714286
29073,13.428571428571429,0
37071,2560.4285714285716,23.142857142857142
37073,35.285714285714285,2
20061,109.28571428571429,1
39055,489,43
16045,115.85714285714286,0
26049,3244.4285714285716,293.7142857142857
36037,261.14285714285717,5
1061,173.42857142857142,0
29075,72.57142857142857,9
28039,219,4
45043,1068.142857142857,14.285714285714286
18051,174.28571428571428,2
47053,369.85714285714283,1
4007,652.1428571428571,20.571428571428573
12041,291.7142857142857,0.14285714285714285
47055,244.14285714285714,4.285714285714286
51071,18.571428571428573,0
48171,145.71428571428572,0.2857142857142857
41021,2.5714285714285716,0
13123,409.14285714285717,2.857142857142857
54021,13.571428571428571,0
8047,13,0
30035,43.285714285714285,0.5714285714285714
12043,330.42857142857144,2.5714285714285716
26051,31.714285714285715,2
13125,17.857142857142858,0
48173,6,0
6021,257,1
34015,2919.8571428571427,201.14285714285714
51073,119.42857142857143,1
13127,2032.2857142857142,16.714285714285715
26053,51.285714285714285,1
30037,3,0
38033,3.2857142857142856,0
48175,59,0.7142857142857143
48177,540.8571428571429,6
51075,143.71428571428572,6
27049,155.42857142857142,8
16047,108.14285714285714,1
13129,774,20.571428571428573
56015,11,0
31073,13,0
20063,2.5714285714285716,0
13131,334.57142857142856,4
40051,343.2857142857143,5.714285714285714
33009,99.28571428571429,1
4009,347.14285714285717,5.285714285714286
20065,9.714285714285714,0
37075,15.428571428571429,0
47057,99,0
8049,38.857142857142854,1
38035,572.1428571428571,4
50013,13,0
26055,151.71428571428572,5
30039,6,0
5053,102.57142857142857,0
18053,440.42857142857144,28.714285714285715
20067,83.71428571428571,2
21081,82.14285714285714,5
22043,206.42857142857142,3
27051,35.57142857142857,1
31075,0,0
35017,61.42857142857143,1
38037,4,0
40053,5.714285714285714,0
41023,1.8571428571428572,0
46051,17.714285714285715,0
53025,1045.7142857142858,9.285714285714286
54023,35.42857142857143,0
55043,270.57142857142856,14
37077,1076.142857142857,25
26057,124,15
21083,414.85714285714283,21
20069,50.857142857142854,0
48179,145.85714285714286,3.857142857142857
53027,74,2
21085,164.85714285714286,11
48181,902.7142857142857,8.285714285714286
51077,112.42857142857143,4
20071,3,0
31077,7,0
21087,23,1
55045,119,1
55047,48.857142857142854,0
54025,81.14285714285714,3
1063,229.42857142857142,10
5055,209.85714285714286,0.5714285714285714
13133,194.42857142857142,10.857142857142858
17061,14.428571428571429,0
18055,217.14285714285714,33.714285714285715
19073,37,0
28041,181.14285714285714,10
29077,780.4285714285714,9
36039,276.7142857142857,18
37079,269.14285714285717,3
39057,522.5714285714286,10.571428571428571
42059,94.71428571428571,0
47059,258,4.571428571428571
51079,114.71428571428571,2
4011,42.714285714285715,1
51081,397.7142857142857,9
21089,63.857142857142854,0
45045,9109.714285714286,147.85714285714286
20073,13.285714285714286,0
45047,1092.857142857143,13.428571428571429
40055,75.28571428571429,7
48183,1158.4285714285713,16
46053,6,0
28043,748.2857142857143,16.285714285714285
38039,7.857142857142857,0
48185,784.8571428571429,4.285714285714286
17063,234,5
19075,62.285714285714285,1
29079,23.714285714285715,1
47061,78.85714285714286,2
35019,27.428571428571427,0
48187,1468,9.571428571428571
72055,51.57142857142857,0
72057,110.28571428571429,0
72059,99.28571428571429,0
72061,586.2857142857143,0
39059,94.71428571428571,6
37081,4563.142857142857,136.28571428571428
12045,225.28571428571428,0
8051,216.14285714285714,6
72063,166.71428571428572,0
19077,115.42857142857143,5
13135,14743.285714285714,211.85714285714286
46055,1,0
13137,914.5714285714286,45.57142857142857
2100,3.4285714285714284,0
1065,413.7142857142857,22.142857142857142
48189,1031.4285714285713,21.428571428571427
37083,526.2857142857143,5.571428571428571
51083,114.85714285714286,1
13139,4753.142857142857,69.85714285714286
31079,1668.2857142857142,46.285714285714285
48191,4.714285714285714,1
47063,834.8571428571429,7.571428571428571
12047,539.4285714285714,2
17065,11.571428571428571,0
18057,2129.1428571428573,102.71428571428571
19079,217.14285714285714,1
20075,35.142857142857146,0
31081,84.42857142857143,12
36041,6.571428571428571,0
39061,8306.142857142857,224.14285714285714
47065,4769.142857142857,41.714285714285715
48193,50.857142857142854,1.4285714285714286
46057,13.857142857142858,0
25013,7233,682.8571428571429
25015,1075.4285714285713,125.57142857142857
54027,55,1
45049,232.42857142857142,4.857142857142857
51650,824,4
13141,252.85714285714286,33.57142857142857
17067,24.428571428571427,1
18059,548.5714285714286,36.714285714285715
19081,97.57142857142857,2
21091,39.142857142857146,0
23009,19.285714285714285,1
28045,239,14
39063,193.28571428571428,2
47067,51.285714285714285,0
54029,77.28571428571429,0
46059,7,0
51085,549,30
48195,46,2
46061,15.571428571428571,0
13143,154.57142857142858,6
12049,754.4285714285714,4.285714285714286
47069,632.7142857142857,9.571428571428571
48197,10.142857142857142,0
17069,10.428571428571429,0
19083,124.14285714285714,0
21093,418.57142857142856,7.571428571428571
39065,141.28571428571428,12
47071,273.7142857142857,7
48199,647.7142857142857,5.714285714285714
35021,1,0
54031,50.285714285714285,0
24025,1540.7142857142858,66.57142857142857
21095,137.57142857142858,2.2857142857142856
31083,1,0
40057,4.571428571428571,0
37085,967.5714285714286,34.42857142857143
41025,5.428571428571429,0
20077,7.142857142857143,0
40059,2.857142857142857,0
13145,544,14
48201,62574.71428571428,612.2857142857143
18061,241.42857142857142,22
19085,77.71428571428571,0
21097,106.14285714285714,0
28047,1689.142857142857,23
29081,41.57142857142857,1
39067,15.285714285714286,1
48203,549.4285714285714,32.142857142857146
54033,151.85714285714286,1
51660,1018.4285714285714,29
13147,188.71428571428572,0
21099,64.42857142857143,0
9003,12257.57142857143,1407.857142857143
48205,76.85714285714286,2
20079,128.42857142857142,1
20081,38.857142857142854,0
40061,24.428571428571427,0
48207,27.571428571428573,0
72065,69.57142857142857,0
15001,116.14285714285714,0
47073,181,2
31085,0,0
48209,4106,23.142857142857142
37087,211.85714285714286,0
47075,236,4
13149,113.42857142857143,3
48211,30.428571428571427,0
5057,156,2
17071,8.428571428571429,0
21101,265.42857142857144,4
37089,1229.142857142857,52.42857142857143
47077,265.85714285714283,0
48213,475.7142857142857,6.285714285714286
18063,1612.2857142857142,105
12051,1478.142857142857,32.285714285714285
27053,15804.857142857143,804.8571428571429
51087,3208.5714285714284,177.28571428571428
1067,205.42857142857142,3
13151,2456.714285714286,37.142857142857146
17073,156.42857142857142,1
18065,334.57142857142856,18
19087,102.42857142857143,3
21103,69,2
29083,47.142857142857146,3
39069,85.28571428571429,0
47079,91.28571428571429,0.8571428571428571
51089,423.7142857142857,5
36043,220.42857142857142,4
12053,1358.2857142857142,19.142857142857142
37091,223.57142857142858,11
38041,6,0
21105,16,0
47081,164.28571428571428,0
29085,6.285714285714286,0
35023,83.57142857142857,0
48215,14333.285714285714,413.85714285714283
39071,88.85714285714286,1
51091,3,0
12055,955.7142857142857,19.428571428571427
30041,36.285714285714285,0
48217,241.57142857142858,1.8571428571428572
12057,26013.714285714286,276.42857142857144
33011,3621,270.14285714285717
26059,223.71428571428572,25
28049,4244,79.42857142857143
8053,3,0
31087,1,0
39073,99.57142857142857,9
48219,150,3.857142857142857
20083,10.142857142857142,0
37093,592.8571428571429,6.857142857142857
12059,356.57142857142856,1
28051,720.2857142857143,43.857142857142854
39075,305.2857142857143,5
29087,2,0
31089,5.428571428571429,0
15003,1231.142857142857,18.571428571428573
48221,297.85714285714283,5.142857142857143
41027,143.28571428571428,0
31091,4,0
51670,239.42857142857142,5
21107,366.42857142857144,33
48223,145.14285714285714,1
72067,71.71428571428571,0
45051,7273.571428571428,100
5059,1382,3.142857142857143
56017,15.571428571428571,0
26061,40,0
1069,1024.5714285714287,9.428571428571429
13153,1398.4285714285713,37.57142857142857
27055,33.285714285714285,0
47083,36.285714285714285,0
48225,230.28571428571428,0.5714285714285714
5061,222,1.4285714285714286
18067,716.4285714285714,61.285714285714285
19089,44.285714285714285,0
24027,3271.5714285714284,100.57142857142857
29089,32.714285714285715,0
31093,51.57142857142857,4
48227,115.57142857142857,2.4285714285714284
29091,83.85714285714286,0
27057,15.285714285714286,0
34017,19318.428571428572,1497.2857142857142
48229,18.428571428571427,0.2857142857142857
8055,5.571428571428571,1
40063,46.142857142857146,1
46065,80.85714285714286,2
72069,132.28571428571428,0
6023,202.28571428571428,4
19091,73.28571428571429,1
32013,92.57142857142857,4
28053,235.28571428571428,10
47085,68,2.7142857142857144
48231,915.8571428571429,9.142857142857142
34019,1110.7142857142858,126
42061,277.42857142857144,4
18069,112.85714285714286,2.2857142857142856
26063,119.42857142857143,3
39077,321.14285714285717,3
46067,22.142857142857142,0
48233,101.57142857142857,1.1428571428571428
37095,35,0
46069,3,0
22045,1882.5714285714287,55.857142857142854
22047,993.5714285714286,45.142857142857146
19093,27.428571428571427,0
16049,23,0
6025,8941,173.42857142857142
5063,173.42857142857142,0
12061,1852,31.428571428571427
42063,198.85714285714286,6
26065,1341.2857142857142,29
6027,41.42857142857143,1
26067,248.28571428571428,5
26069,123.85714285714286,11
19095,71.85714285714286,1
55049,55,0
37097,1464.7142857142858,15.857142857142858
48235,5.571428571428571,0
26071,11.428571428571429,1
29093,7.285714285714286,0
55051,45.857142857142854,1
17075,203.28571428571428,5
13155,122,1
72071,92.14285714285714,0
26073,189.85714285714286,8
27059,97.28571428571429,0
53029,221.71428571428572,11
51093,298.7142857142857,9
28055,17,1
27061,113.28571428571429,12
28057,235,8.857142857142858
5065,31.571428571428573,1
48237,22.857142857142858,0
1071,622.5714285714286,3
5067,49.57142857142857,0.8571428571428571
8057,8,0
12063,1071.5714285714287,17
13157,725.8571428571429,13
17077,475.42857142857144,19
18071,517.5714285714286,3.4285714285714284
19097,113.85714285714286,0
20085,130.85714285714286,1
21109,124.71428571428571,14
22049,331,18
26075,613.1428571428571,32
27063,61.857142857142854,0
28059,1449.4285714285713,24.857142857142858
29095,2314.1428571428573,51.857142857142854
37099,331.14285714285717,3
39079,51.57142857142857,0
40065,300,3
41029,271.42857142857144,0
46071,7,1
47087,92.57142857142857,0
48239,182.85714285714286,1.2857142857142858
54035,151.71428571428572,19
55053,37.857142857142854,1
51095,481.7142857142857,16
13159,105.57142857142857,1
17079,48.714285714285715,7
18073,173.42857142857142,2
19099,424.85714285714283,20.857142857142858
28061,321,6
29097,1420,21.428571428571427
45053,399.42857142857144,6
48241,169.14285714285714,2
18075,74.14285714285714,0
72073,171.42857142857142,0
13161,265.2857142857143,4.428571428571429
48243,7.428571428571429,0
1073,9785.285714285714,196.71428571428572
5069,1125.7142857142858,33.285714285714285
8059,3526.285714285714,220.28571428571428
12065,153.71428571428572,5
13163,346.7142857142857,5
16051,76.14285714285714,1
17081,148.28571428571428,17
18077,138.71428571428572,2
19101,69.42857142857143,0
20087,45.57142857142857,0
21111,5852.285714285715,218.42857142857142
22051,13111.142857142857,507.42857142857144
28063,155.57142857142858,3.857142857142857
29099,880.5714285714286,23.285714285714285
30043,17.857142857142858,0
31095,12.571428571428571,0
36045,121.28571428571429,0
39081,168,2
40067,24,0
41031,238.28571428571428,0
42065,49,1
47089,331.2857142857143,1.4285714285714286
48245,4774.714285714285,53.142857142857146
53031,50,0
54037,277.7142857142857,4
55055,480.57142857142856,4
22053,867.7142857142857,21
28065,165.14285714285714,4.571428571428571
13165,204.42857142857142,17.285714285714285
18079,190.71428571428572,12
46073,39,1
16053,366.57142857142856,6
17083,57.42857142857143,1
21113,214.57142857142858,0
20089,7.571428571428571,0
48247,45.285714285714285,0.14285714285714285
48249,482.57142857142856,0.42857142857142855
17085,87,1
5071,547.7142857142857,0
13167,194.57142857142858,3.142857142857143
17087,46.857142857142854,0
18081,1511.4285714285713,118
19103,1714.2857142857142,10.285714285714286
20091,4251.428571428572,95.14285714285714
21115,19.857142857142858,0
29101,404,1
31097,10.428571428571429,0
47091,58.142857142857146,0
48251,1165.142857142857,9
56019,22,1
37101,2553.8571428571427,41.857142857142854
40069,28.428571428571427,0
13169,210.71428571428572,1
19105,105.42857142857143,1
28067,1497.142857142857,54.142857142857146
37103,45,3
46075,1,0
48253,636.8571428571429,0
41033,79,1
72075,145.71428571428572,0
72077,80.57142857142857,0
2110,71.85714285714286,2
55057,91.57142857142857,1
42067,121.85714285714286,6
26077,1401.4285714285713,75.14285714285714
26079,47.285714285714285,4
27065,21.571428571428573,1
54039,627.2857142857143,20
27067,633.8571428571429,1
17089,8604.57142857143,293
17091,1566.2857142857142,66
48255,191.85714285714286,0.42857142857142855
15007,43.57142857142857,0
48257,1380.7142857142858,6.714285714285714
40071,169,9
31099,19.857142857142858,0
20093,53,1
31101,12.142857142857142,0
28069,205.85714285714286,15
2122,263.2857142857143,2
17093,1176.857142857143,21
48259,132.71428571428572,0.14285714285714285
48261,3.4285714285714284,0
23011,155,10
55059,2185.285714285714,48.857142857142854
10001,2076.4285714285716,91.57142857142857
24029,225.42857142857142,23
26081,6619.571428571428,150.85714285714286
44003,1346,0
48263,2,0
21117,1144.4285714285713,37
19107,26.142857142857142,1
6029,12969.285714285714,118.14285714285714
48265,305.42857142857144,1.4285714285714286
45055,1105.5714285714287,19.857142857142858
2130,30.142857142857142,0
55061,96.71428571428571,1
26083,2,0
31103,0,0
38043,6.857142857142857,0
31105,15,0
48267,12.714285714285714,0
53033,14026.142857142857,641.4285714285714
51099,112.57142857142857,4
51101,69,2
51097,32.857142857142854,1
40073,74,0
20095,6.142857142857143,0
6031,3668.8571428571427,44.857142857142854
46077,9.285714285714286,0
48271,12.428571428571429,0
20097,6,0
40075,21.142857142857142,1
8063,40.142857142857146,3
53035,471.57142857142856,2.7142857142857144
53037,310.14285714285717,6.571428571428571
27069,2.7142857142857144,0
41035,172.57142857142858,1
48273,291.42857142857144,2.142857142857143
53039,86.85714285714286,3
21119,30,0
17095,209,0.8571428571428571
18083,97.71428571428571,0
21121,153.85714285714286,7.714285714285714
23013,25,1
29103,4,0
31107,27.285714285714285,0
39083,109.42857142857143,2
47093,2851.8571428571427,21.857142857142858
48275,32.57142857142857,0
2150,5,0
27071,51.57142857142857,3
16055,1231.4285714285713,1
18085,732.7142857142857,9.285714285714286
19109,72,0
2158,3.142857142857143,0
55063,713.7142857142857,1
4012,454.7142857142857,9
8067,180.57142857142858,2
48283,346.42857142857144,0.14285714285714285
18087,513.1428571428571,10
38045,14,0
18091,730.2857142857143,28.571428571428573
17099,388.7142857142857,18
22059,181.85714285714286,1.2857142857142858
20099,102.71428571428571,0
27073,6,0
42069,1840.4285714285713,212
29105,163.28571428571428,1
5073,43.142857142857146,2
12067,78.57142857142857,0
22055,5516.714285714285,71.14285714285714
28071,675.7142857142857,4
29107,124.42857142857143,2
55065,94,0
22057,2230.714285714286,94.14285714285714
72079,62.57142857142857,0
6033,165.57142857142858,1
8065,60.714285714285715,0
12069,3851.5714285714284,38.857142857142854
17097,11256.857142857143,437.42857142857144
18089,6521.428571428572,261.14285714285717
26085,15.142857142857142,0
27075,13.428571428571429,0
30047,125.85714285714286,0.5714285714285714
39085,876,26.428571428571427
41037,30.714285714285715,0
46079,58.714285714285715,1.7142857142857142
47095,706.1428571428571,0
27077,0.42857142857142855,0
1075,155.42857142857142,1
13171,184.42857142857142,7.857142857142857
28073,898.8571428571429,9.571428571428571
48277,518.5714285714286,15
48279,160.57142857142858,5.285714285714286
50015,42,1
48281,64.57142857142857,0.14285714285714285
31109,2693.4285714285716,14
42071,5213.714285714285,397.57142857142856
45057,866.4285714285714,19.428571428571427
51103,24.857142857142858,0
32015,48.142857142857146,0.5714285714285714
20101,5,0
41039,428.57142857142856,3
55067,21,1
13173,191.85714285714286,3.5714285714285716
26087,362.42857142857144,32
56021,405.42857142857144,0
72081,109.42857142857143,0
8069,1204.7142857142858,32
21123,36.142857142857146,1
8071,12.428571428571429,0
72083,38.42857142857143,0
72085,113,0
6035,541.1428571428571,0
16057,61.57142857142857,0
40077,34.142857142857146,1
1077,855.8571428571429,8.857142857142858
28075,1174.5714285714287,83.57142857142857
47097,301.2857142857143,5.714285714285714
21125,299,4
13175,561.5714285714286,1.2857142857142858
45059,1057.4285714285713,25.428571428571427
48285,529,2.2857142857142856
1079,228,0
5075,152,9
17101,32.57142857142857,0
18093,289.7142857142857,26.714285714285715
21127,23.428571428571427,0
28077,247.14285714285714,3
29109,125,2
39087,170.14285714285714,0
42073,270.2857142857143,10.142857142857142
46081,25,0
47099,347.85714285714283,6
40079,114.85714285714286,1
27079,170.71428571428572,1
35025,480.14285714285717,1.8571428571428572
28079,713.1428571428571,23.571428571428573
20103,1325.2857142857142,7
42075,1531.7142857142858,53.42857142857143
1081,2188.5714285714284,39.42857142857143
5077,870.4285714285714,6
12071,13940.142857142857,251.85714285714286
13177,470,22
17103,122.85714285714286,2
19111,69.85714285714286,2
21129,3,0
28081,938.4285714285714,25.857142857142858
37105,1045.857142857143,8.714285714285714
45061,420.57142857142856,24.857142857142858
48287,133.85714285714286,4
51105,61.857142857142854,0
26089,58.714285714285715,0
28083,704.7142857142857,56.857142857142854
42077,4639.428571428572,334.14285714285717
16059,7.571428571428571,0
26091,347.14285714285717,11
37107,474,11
12073,3559.4285714285716,12.857142857142858
48289,126,0.42857142857142855
21131,18.285714285714285,0
21133,30.714285714285715,0
12075,437.42857142857144,2
21135,27.571428571428573,0
29111,16.714285714285715,1
36049,33.714285714285715,0
47101,27.285714285714285,0.42857142857142855
53041,140.57142857142858,3
54041,25,2
30049,95.85714285714286,1
45063,4034.285714285714,81
51678,26.428571428571427,0
12077,327,2
13179,456.7142857142857,2
30051,1,0
48291,719.1428571428571,7.571428571428571
39089,863.2857142857143,21.571428571428573
1083,969.7142857142857,8.142857142857142
48293,137.14285714285714,1.4285714285714286
5079,1140.857142857143,11
8073,6.142857142857143,0
13181,97.14285714285714,2.5714285714285716
16063,46.142857142857146,0
20105,5.571428571428571,0
21137,79.28571428571429,1
22061,599.2857142857143,21.428571428571427
23015,31.857142857142858,0
27081,51.42857142857143,0
28085,650.2857142857143,37.42857142857143
29113,197.14285714285714,1
30053,51.57142857142857,1
31111,74.71428571428571,2
32017,3,0
35027,59.142857142857146,1
37109,620.5714285714286,2
40081,74.71428571428571,2
41041,376.7142857142857,8
46083,454,1
47103,171.28571428571428,0.7142857142857143
53043,7.857142857142857,0
54043,40.142857142857146,0
55069,49.142857142857146,0
56023,78.42857142857143,0
19113,1750.7142857142858,87
20107,24.857142857142858,0
29115,26.714285714285715,1
41043,212.28571428571428,10
48295,13.571428571428571,0
9005,1547.5714285714287,138
5081,75.85714285714286,1
48297,110.28571428571429,1
17105,67,2
21139,30,0.14285714285714285
22063,2201.1428571428573,46.142857142857146
26093,696.5714285714286,28
29117,34,0
36051,161.28571428571428,8
48299,73.85714285714286,0
5083,118.28571428571429,0
8075,643.8571428571429,5
17107,61.42857142857143,0
20109,2,0
21141,283.57142857142856,19
31113,0,0
38047,1,0
39091,96.42857142857143,1
40083,137,1
54045,66.85714285714286,1
72087,67.71428571428571,0
13183,93,1
5085,313,2
39093,1424.857142857143,75
35028,16.142857142857142,0
6037,169333.14285714287,4288.428571428572
47105,488.42857142857144,3
51107,4784.285714285715,106
19115,373.57142857142856,13
51109,158.57142857142858,2
31115,0,0
40085,58.857142857142854,0
1085,528,24
13185,2515.4285714285716,23.714285714285715
28087,759.8571428571429,20.714285714285715
48303,4848.142857142857,67.14285714285714
19117,39.285714285714285,4
39095,3911.4285714285716,310
26095,3,0
13187,232,5
35029,180.42857142857142,3
51111,45.142857142857146,0
72089,77.28571428571429,0
42079,3113.714285714286,182.85714285714286
42081,287.42857142857144,20
46085,84,1
51680,307,1
48305,57.857142857142854,3
19119,86.14285714285714,0
20111,588,7.428571428571429
21143,26.142857142857142,3
27083,393.7142857142857,3
32019,166.85714285714286,2.4285714285714284
26097,14,0
26099,8734.857142857143,936.1428571428571
1087,278.42857142857144,11.571428571428571
13193,156.14285714285714,10
17115,319.14285714285717,22
29121,37.714285714285715,0
37113,417.7142857142857,2.142857142857143
47111,751.1428571428571,10.428571428571429
17117,103.42857142857143,3
6039,1575.857142857143,17.285714285714285
1089,4005.714285714286,18.571428571428573
5087,241.42857142857142,1
12079,512.1428571428571,5.142857142857143
13195,259,4
16065,112,0
17119,1715.142857142857,71
18095,743.1428571428571,64
19121,82,2
21151,298,1
22065,511.85714285714283,6
28089,1958.142857142857,49.142857142857146
29123,14.142857142857142,0
30057,54,1
31119,398.2857142857143,5
36053,389,17
37115,27.428571428571427,0
39097,266,9
47113,574.7142857142857,7.571428571428571
48313,278.42857142857144,0
51113,52.42857142857143,1
21153,11.142857142857142,0
19123,130.85714285714286,17
27087,17.571428571428573,1
39099,2215.285714285714,245
40093,20.285714285714285,1
41045,551.4285714285714,6.857142857142857
51683,1555.7142857142858,20
51685,481,7
12081,7467.285714285715,152.42857142857142
72091,122.71428571428571,0
26101,31,0
55071,227.42857142857142,1
55073,447.2857142857143,3.4285714285714284
1091,459.42857142857144,11.428571428571429
72093,37.142857142857146,0
4013,104621,1704.5714285714287
29125,9.285714285714286,0
6041,4562.142857142857,52.57142857142857
55075,212,3
1093,458.14285714285717,21.714285714285715
5089,17.571428571428573,0
12083,3115.714285714286,42.285714285714285
13197,118.57142857142857,3.857142857142857
17121,107.57142857142857,0
18097,13400.857142857143,711.2857142857143
19125,123.42857142857143,0
20115,36.57142857142857,1
21155,87.85714285714286,0
28091,475,14.714285714285714
29127,73.28571428571429,0.8571428571428571
39101,2812.8571428571427,40.857142857142854
41047,2320.1428571428573,63.57142857142857
45067,436.14285714285717,11.571428571428571
47115,151.42857142857142,4
48315,114.14285714285714,4.857142857142857
54049,150.28571428571428,2
6043,44,1.1428571428571428
45069,382,4
26103,110.57142857142857,11
55077,63.285714285714285,1
1095,2572.1428571428573,23.714285714285715
17123,15.857142857142858,0
18099,692.5714285714286,17.571428571428573
19127,1264.2857142857142,21.857142857142858
20117,7.142857142857143,0
21157,104.14285714285714,2
27089,24.428571428571427,0
28093,429.14285714285717,4.857142857142857
40095,59.57142857142857,0
46091,6.714285714285714,0
47117,190.28571428571428,2
54051,92.14285714285714,0
12085,3339,59.42857142857143
18101,37.714285714285715,0
21159,22.285714285714285,0
27091,191.28571428571428,5
37117,199.42857142857142,6
48317,39.142857142857146,1.1428571428571428
51690,147.28571428571428,1.4285714285714286
17125,37.285714285714285,0
21161,45.42857142857143,1
26105,94.85714285714286,0
48319,38,0
53045,97.71428571428571,1
54053,36,0.5714285714285714
17127,26.714285714285715,0
48321,540.1428571428571,7
2170,216,2
51115,10.142857142857142,0
15009,144.57142857142858,6
72095,42,0
47119,793.8571428571429,4
48323,1436.4285714285713,25.285714285714285
72097,358.14285714285717,0
40097,223.14285714285714,5
40087,328.2857142857143,4
46087,22.285714285714285,1
45065,91,2
21145,280.2857142857143,3
21147,23.285714285714285,0
48307,33.142857142857146,0
40089,752.2857142857143,18.428571428571427
29119,861.2857142857143,5.142857142857143
17109,119.71428571428571,15
37111,439.57142857142856,4.857142857142857
54047,13.285714285714286,0
13189,222.71428571428572,8.428571428571429
17111,2621.5714285714284,110.57142857142857
38049,11.714285714285714,1
13191,118,1.5714285714285714
38051,11.571428571428571,0.5714285714285714
40091,116.71428571428571,1
42083,25.857142857142858,1
38053,61.142857142857146,0
35031,3862.714285714286,210.14285714285714
17113,441.14285714285717,15
21149,36.42857142857143,1
38055,19.714285714285715,0
48309,3763.5714285714284,29.428571428571427
27085,114.71428571428571,0
47107,403.85714285714283,19.714285714285715
48311,5.714285714285714,0
47109,207.85714285714286,1.5714285714285714
20113,111.71428571428571,0
31117,4,0
46089,6,0
20119,35,0
21163,60.714285714285715,2
46093,63,1
30059,4,0
37119,18682,184
51117,288.57142857142856,30
26107,48.42857142857143,2
39103,732.4285714285714,32
48325,536.1428571428571,8.285714285714286
27093,78.14285714285714,2
39105,22.142857142857142,0
47121,66.85714285714286,0
46095,20.142857142857142,0
17129,37.714285714285715,0
48327,15.857142857142858,0
6045,237.57142857142858,4.428571428571429
21165,21,0
26109,65.28571428571429,0
55078,14.428571428571429,0
6047,3130,26.142857142857142
17131,43,0
21167,35.857142857142854,0
29129,8,0
34021,7885,610.1428571428571
38057,16.285714285714285,0
39107,407.57142857142856,11
42085,285,8.857142857142858
54055,79.28571428571429,0
13199,307.85714285714283,4.857142857142857
31121,42.42857142857143,0
33013,447,20.428571428571427
8077,216.14285714285714,0.7142857142857143
21169,22.285714285714285,2
18103,227.42857142857142,2
20121,91.71428571428571,0
39109,631.5714285714286,33.857142857142854
12086,98474.85714285714,1366
9007,1364.4285714285713,188.28571428571428
25017,25198.14285714286,1953.2857142857142
34023,17436.85714285714,1398.7142857142858
51119,21.142857142857142,1
26111,254,9
48329,1747.4285714285713,32
42087,86.71428571428571,1
48331,262.57142857142856,2.2857142857142856
27095,49.285714285714285,2.857142857142857
5091,391,2.4285714285714284
13201,90.71428571428571,0
29131,54.57142857142857,0
19129,65.28571428571429,0
48333,11.571428571428571,0
55079,17483.428571428572,422.57142857142856
46097,11.285714285714286,0
8079,17.571428571428573,0
32021,10.714285714285714,0
54057,88.14285714285714,3.142857142857143
54059,79.71428571428571,2
16067,350.85714285714283,1
46099,3956.285714285714,62
26113,40,1
5093,517.8571428571429,7.428571428571429
29133,118.85714285714286,0
30063,185.14285714285714,1
13205,544,41
19131,72.85714285714286,0
20123,24.571428571428573,0
37121,90.57142857142857,1.5714285714285714
48335,37.142857142857146,0
1097,6867.142857142857,170.71428571428572
72099,113.57142857142857,0
8081,21.142857142857142,1
4015,2585.4285714285716,130
29135,81.71428571428571,2
34025,9789.857142857143,852.8571428571429
6051,101.28571428571429,1
19133,84.42857142857143,0
54061,799.4285714285714,5
1099,345.14285714285717,3
5095,39.42857142857143,0
12087,1054,6
13207,346.2857142857143,21.142857142857142
17133,214,13
18105,550.2857142857143,28.857142857142858
19135,63.714285714285715,7
21171,72.71428571428571,2
26115,774.2857142857143,21
28095,561.7142857142857,44.57142857142857
29137,8.714285714285714,0
36055,4538.857142857143,277
39111,89,17
42089,1542.857142857143,120.28571428571429
47123,238.57142857142858,7
54063,18.285714285714285,0
55081,169.71428571428572,1
48337,41.57142857142857,1
26117,165.28571428571428,1
6053,3793.1428571428573,22
8083,95.14285714285714,4
1101,5505.428571428572,132.28571428571428
5097,18.285714285714285,0
13209,100,0
17135,118.71428571428571,2.857142857142857
18107,311.7142857142857,20.857142857142858
19137,30.857142857142858,2
20125,119.28571428571429,3.5714285714285716
21173,93.42857142857143,0
24031,16805.85714285714,780.7142857142857
28097,243.14285714285714,3
29139,26.142857142857142,0
36057,146,4
37123,524.5714285714286,13.285714285714286
39113,3349,52
42091,9384.42857142857,842
47125,1325,9
48339,5496.857142857143,52.142857142857146
51121,235.42857142857142,3
26119,7,0
42093,88.14285714285714,3
8085,251,12.857142857142858
46101,26.714285714285715,0
37125,774.2857142857143,18.285714285714285
47127,34.857142857142854,0
48341,968.7142857142857,14.714285714285714
35033,5.571428571428571,0
22067,370.57142857142856,11
1103,1863.142857142857,11.571428571428571
8087,669.1428571428571,46
13211,135.85714285714286,0
17137,151.28571428571428,5
18109,381.14285714285717,31
21175,25.714285714285715,0
29141,40.42857142857143,0
39115,15.714285714285714,0
47129,50.857142857142854,1
54065,24,0
72101,152.14285714285714,0
31123,55.857142857142854,0
20127,6.571428571428571,0
34027,7034.857142857143,826.8571428571429
48343,72.57142857142857,0.14285714285714285
27097,74.85714285714286,1
39117,144.28571428571428,1
41049,223.42857142857142,1
20129,9,2
38059,205.71428571428572,3
48345,3.142857142857143,0
17139,40.42857142857143,0
38061,98.85714285714286,1
27099,1030.857142857143,2
21177,590,9
41051,3805.4285714285716,78.28571428571429
13213,439.2857142857143,2
27101,111,0.5714285714285714
40099,43.714285714285715,0
19139,756.1428571428571,45.57142857142857
13215,3703.714285714286,72.71428571428571
26121,1068.5714285714287,55.42857142857143
39119,135.71428571428572,1
40101,310,15.714285714285714
30065,1,0
48347,829.1428571428571,35.714285714285715
72103,68,0
31125,6.142857142857143,0
6055,719.1428571428571,7.714285714285714
72105,146.71428571428572,0
37127,820.5714285714286,10
12089,890.8571428571429,7.142857142857143
36059,42866,2193
22069,568.1428571428571,15
56025,188.71428571428572,0
4017,5000.142857142857,169.57142857142858
48349,647.1428571428571,10.142857142857142
21179,166.14285714285714,2
38063,4,0
51125,31,0
20131,39.57142857142857,0
31127,10.428571428571429,0
20133,48.142857142857146,0
28099,1135.7142857142858,82
20135,5,0
5099,120.42857142857143,7.857142857142857
6057,249.14285714285714,1
10003,6370.714285714285,270.14285714285717
37129,2025.857142857143,14.571428571428571
9009,12863.857142857143,1094.142857142857
51127,102,1
9011,1361.7142857142858,102
29143,123,1
36061,223129.42857142858,23463
26123,238.85714285714286,0
45071,631.4285714285714,6.285714285714286
44005,365,0
51700,1351.4285714285713,14.428571428571429
5101,54,0
13217,1319,23
18111,103.42857142857143,10
28101,460,10
29145,718,3
48351,51.714285714285715,0.5714285714285714
16069,121,19
36063,1408.857142857143,95.71428571428571
21181,18.428571428571427,0
54067,23.142857142857142,1
27103,254.28571428571428,13
56027,2,0
18113,589.5714285714286,28
39121,16,0
40103,68.42857142857143,2
27105,1719.857142857143,6
29147,68.28571428571429,0
48353,114,1.5714285714285714
2180,16.571428571428573,0
25021,9894.57142857143,974.4285714285714
51710,2571.4285714285716,20.142857142857142
27107,27,0
2185,8.285714285714286,0
37131,280.57142857142856,16
42095,3706.5714285714284,288.42857142857144
51131,290,28
42097,373.7142857142857,11
51133,56.42857142857143,1
2188,12.142857142857142,0
20137,22,0
51720,7.857142857142857,0
51135,157.14285714285714,6
40105,44.57142857142857,1
28103,350.85714285714283,10
31129,5,0
48355,10022.57142857143,128.42857142857142
32023,281.14285714285717,6.428571428571429
19141,110.14285714285714,1
26125,13799.714285714286,1124
47131,238.28571428571428,3.7142857142857144
34029,10121,1012
26127,452.2857142857143,5
48357,68.71428571428571,2.142857142857143
13219,327.14285714285717,15
45073,621.5714285714286,2.4285714285714284
55083,134.71428571428572,0
26129,48.857142857142854,2
46102,132.71428571428572,1
17141,350,5
13221,157,7.142857142857143
18115,35,2.142857142857143
21183,315,3.142857142857143
54069,210.57142857142858,3
12091,2222.285714285714,17.714285714285715
53047,554,2
12093,770.8571428571429,2
40107,31,0
40109,7218.428571428572,87
40111,273.7142857142857,0
28105,797.5714285714286,30.142857142857142
21185,451.85714285714283,8.571428571428571
48359,12,1
38065,4.428571428571429,0
27109,1482,21
16071,7.285714285714286,0
36065,1988.142857142857,110.28571428571429
55085,60.57142857142857,0
36067,3358.1428571428573,193.57142857142858
37133,685.8571428571429,8.714285714285714
36069,336.42857142857144,33.857142857142854
26131,2.142857142857143,0
6059,33099.57142857143,546.4285714285714
12095,25835.571428571428,157.42857142857142
18117,154.71428571428572,24
36071,10979.857142857143,488.2857142857143
37135,1163.2857142857142,45
48361,810,8.857142857142858
50017,12.428571428571429,0
51137,191.14285714285714,3
45075,1797.2857142857142,43.857142857142854
29149,11.571428571428571,0
22071,9728.42857142857,548.2857142857143
36073,288.85714285714283,54
50019,14,0
72107,133.28571428571428,0
20139,34,0
29151,29.571428571428573,0
40113,281.2857142857143,9.571428571428571
20141,3,0
12097,7129.857142857143,48.714285714285715
19143,73.42857142857143,0
26133,63.285714285714285,0
26135,23,1
36075,234.85714285714286,3
8089,33.714285714285715,2.2857142857142856
35035,136.28571428571428,10
31131,37.42857142857143,0
26137,128.14285714285714,10
36077,102,5
20143,27.428571428571427,0
26139,1562.142857142857,53
39123,296.42857142857144,24
40115,250.71428571428572,2
27111,141.57142857142858,1.2857142857142858
5103,60.42857142857143,1
22073,3910,97.85714285714286
8091,12,1
80001,0,0
80013,13720.57142857143,72.42857142857143
80015,22.571428571428573,1
80017,1.5714285714285714,0.14285714285714285
80022,0,0
80026,73.71428571428571,0
80040,0,0
72888,511.42857142857144,0
80047,2405.1428571428573,11.428571428571429
55087,906.5714285714286,11.571428571428571
47133,103.71428571428571,1
18119,66,1
21187,26.428571428571427,0
21189,5.142857142857143,0
16073,174.28571428571428,0
23017,48.42857142857143,0
29153,3.7142857142857144,0
55089,445,16
53049,27.285714285714285,1
19145,44.142857142857146,0
51139,325.42857142857144,23.714285714285715
12099,28959.714285714286,735.1428571428571
19147,62.285714285714285,0
48363,125.57142857142857,2.142857142857143
37137,50,1
28107,672.1428571428571,8.142857142857142
48365,254.28571428571428,23.142857142857142
8093,37.42857142857143,1
30067,36.142857142857146,0
56029,96.14285714285714,0
18121,36.285714285714285,0
48367,810.4285714285714,2.2857142857142856
48369,283.57142857142856,7.857142857142857
12101,5528.285714285715,64.28571428571429
37139,288,17
34031,17248.714285714286,1241
72109,82.14285714285714,0
51141,80.42857142857143,2.7142857142857144
13223,1167.4285714285713,17.857142857142858
39125,48.857142857142854,0
20145,6.571428571428571,0
31133,3,0
40117,95.85714285714286,3
16075,267.85714285714283,2
40119,581.4285714285714,2.4285714285714284
13225,231.28571428571428,9.714285714285714
28109,406.57142857142856,33.142857142857146
48371,189.42857142857142,1
38067,23.142857142857142,0
29155,175,6
53051,30,0
37141,539.4285714285714,2.857142857142857
21191,29.571428571428573,0
54071,25.142857142857142,1
27113,61,0.7142857142857143
46103,768,25.142857142857142
23019,137.28571428571428,5
72111,49.142857142857146,0
17143,947.1428571428571,32.142857142857146
55091,34.142857142857146,0
31135,8.428571428571429,0
46105,4,0
37143,52.142857142857146,2
1105,365.85714285714283,3
5105,41,0
17145,82.42857142857143,1
18123,161.85714285714286,12
21193,147,2
28111,157,6
29157,185.71428571428572,3
39127,67,1
42099,103,5
47135,56.57142857142857,0
32027,13,0
37145,164.71428571428572,1
2195,6,1
51730,385,9
29159,245.85714285714286,2.7142857142857144
29161,59.42857142857143,0
31137,32,0
42101,29204.285714285714,1674.2857142857142
5107,233.42857142857142,6
8095,18.571428571428573,0
20147,41.142857142857146,7
17147,31.285714285714285,0
39129,2300.5714285714284,42
1107,322.7142857142857,8.714285714285714
13227,204.85714285714286,5
45077,1522.2857142857142,16
47137,16,1
13229,341.14285714285717,5
31139,16.714285714285715,0
38069,8,0
53053,4234.714285714285,117.42857142857143
55093,141.57142857142858,0
1109,578.2857142857143,6.714285714285714
5109,50,0.14285714285714285
13231,155,3
17149,9.714285714285714,0
18125,22.571428571428573,0
21195,180,3
28113,682.1428571428571,27.285714285714285
29163,53,1
39131,44.857142857142854,0
42103,519.2857142857143,21
4019,14468.714285714286,407.14285714285717
4021,7197,116.71428571428571
27115,120.14285714285714,0
12103,14669.142857142857,361.42857142857144
27117,128.14285714285714,6.571428571428571
23021,3.2857142857142856,0
8097,153.85714285714286,2
37147,1376.142857142857,10
40121,116.42857142857143,3
51143,258.7142857142857,2
6061,1558,13.285714285714286
22075,365.14285714285717,18
29165,234.57142857142858,6
31141,727.5714285714286,3
56031,4.857142857142857,0
54073,6.428571428571429,0
6063,27.571428571428573,0
19149,402.14285714285717,6.428571428571429
25023,8952.57142857143,701.7142857142857
19151,110.42857142857143,1
54075,39.857142857142854,0
5111,113.57142857142857,3
22077,584.4285714285714,28.857142857142858
5113,113.28571428571429,0
12105,10881.714285714286,208.14285714285714
13233,481,3.857142857142857
19153,8866.714285714286,191
27119,104.71428571428571,3
29167,139,0
31143,18.857142857142858,0
37149,122.14285714285714,5
41053,229.28571428571428,12
47139,90.85714285714286,0
48373,553.5714285714286,1.5714285714285714
55095,92.42857142857143,2
72113,348,0
30073,7.857142857142857,0
28115,575.1428571428571,6
40123,121.71428571428571,2
5115,994.2857142857143,5.428571428571429
17151,4.142857142857143,0
27121,30.857142857142858,0
51735,31,0
39133,619.2857142857143,59
55097,312.2857142857143,0
18127,996.8571428571429,38
51740,1170.5714285714287,21
18129,132.28571428571428,0
20149,98,0
40125,261.85714285714283,6
19155,1002.2857142857143,17.571428571428573
42105,19.857142857142858,0
48375,3309.714285714286,41.57142857142857
21197,33.42857142857143,0
16077,26.857142857142858,0
19157,119.85714285714286,8
51145,108.85714285714286,3.142857142857143
5117,54.42857142857143,0
20151,30.285714285714285,0
39135,117.57142857142857,1.8571428571428572
28117,232.57142857142858,6
48377,32.142857142857146,0
26141,14,0.42857142857142855
54077,116,2
55099,17.571428571428573,0
51147,247.14285714285714,6
51149,303.85714285714283,2
24033,21261.85714285714,727.1428571428571
51153,8378.714285714286,166
2198,2.4285714285714284,0
44007,13981.714285714286,0
8099,45.285714285714285,0
8101,545.5714285714286,33.142857142857146
5119,4153.285714285715,70.28571428571429
13235,73,2
17153,88.42857142857143,0
18131,68.71428571428571,1
21199,172.14285714285714,2
29169,166.14285714285714,1
51155,64,2
40127,52,0
12107,1106,11.857142857142858
13237,294.85714285714283,16.714285714285715
17155,5.428571428571429,0
18133,201.85714285714286,8
29171,4,0
36079,1399.7142857142858,63
39137,169.14285714285714,16
47141,1332.5714285714287,9.571428571428571
54079,130.85714285714286,0
35037,28.857142857142858,1
72115,55.857142857142854,0
24035,351.2857142857143,23
13239,25,1
28119,152.28571428571428,1
13241,144,3
55101,2832.1428571428573,70.28571428571429
51750,22.142857142857142,0
48379,33.57142857142857,1.1428571428571428
54081,121.71428571428571,0
29173,15.714285714285714,0
27123,6076.285714285715,252.57142857142858
38071,27.857142857142858,1
48381,1400.857142857143,16.142857142857142
1111,351.42857142857144,10
5121,127.14285714285714,2
13243,232.14285714285714,26
17157,390,7
18135,89.14285714285714,4
29175,26,1
37151,1861.5714285714287,35.57142857142857
54083,203.42857142857142,0
28121,1708.857142857143,23
38073,24.571428571428573,0
22079,2579.8571428571427,95.42857142857143
51157,37.42857142857143,1.1428571428571428
30081,54.142857142857146,1
29177,45.285714285714285,0
48383,51.57142857142857,3.142857142857143
48385,52.714285714285715,0
27125,6.857142857142857,0
22081,152.42857142857142,9
48387,130.28571428571428,11.857142857142858
31145,12.285714285714286,0
27127,28.142857142857142,0
48389,102.28571428571429,1.8571428571428572
48391,131.71428571428572,0
20155,185.85714285714286,0.8571428571428571
36083,674.7142857142857,30
27129,47,4
38075,8.571428571428571,0
20157,22.428571428571427,0
29179,10.571428571428571,0
47143,424.85714285714283,0.8571428571428571
20159,18.857142857142858,0
27131,935.5714285714286,8
31147,15,1
17159,10.285714285714286,0
22083,439.57142857142856,5
30083,38.714285714285715,0
38077,64.14285714285714,0
39139,470.42857142857144,8
45079,6794,122
55103,20.142857142857142,4
13245,2624.1428571428573,73
37153,430,8
51159,318.14285714285717,4
51760,2684.4285714285716,35.57142857142857
20161,416.7142857142857,3.5714285714285716
72117,73.71428571428571,0
19159,20.285714285714285,1
35039,265.85714285714283,1.7142857142857142
8103,6,0
8105,85.57142857142857,2
72119,184.28571428571428,0
18137,170.57142857142858,7
29181,35,0
54085,3,0
6065,32793.28571428572,627.2857142857143
47145,196.42857142857142,0.42857142857142855
54087,12.857142857142858,1
51161,386.85714285714283,6
51770,696.7142857142857,10
46109,62.42857142857143,0
48393,6,0
21201,2,0
47147,1225.142857142857,15.714285714285714
48395,186.14285714285714,0.14285714285714285
37155,2145.4285714285716,49.714285714285715
27133,52.142857142857146,0
31149,2,0
55105,1256.4285714285713,25
17161,1414,30
51163,54.857142857142854,0
21203,45.285714285714285,0
13247,956.2857142857143,11.857142857142858
33015,1572,93.42857142857143
37157,399.42857142857144,4.714285714285714
51165,844.2857142857143,16
36087,13826.42857142857,672.8571428571429
48397,618.1428571428571,17
40131,547,11.428571428571429
38079,15.428571428571429,0
20163,12.285714285714286,0
30085,9.571428571428571,0
35041,103.85714285714286,1
26143,44.714285714285715,0
27135,35.714285714285715,0
30087,17.857142857142858,1
39141,239.42857142857142,5
8107,93.57142857142857,6
21205,50.714285714285715,0
37159,1816.4285714285713,45.285714285714285
48399,63.285714285714285,0.8571428571428571
18139,74,3.857142857142857
20165,4.857142857142857,0
48401,287.7142857142857,3.7142857142857144
55107,13,1
1113,1010.1428571428571,0.8571428571428571
20167,6.857142857142857,0
21207,82.14285714285714,5
51167,39.285714285714285,0.5714285714285714
37161,528.2857142857143,12.714285714285714
47149,5113.142857142857,45.42857142857143
50021,81.85714285714286,1
72121,97.42857142857143,0
22085,432.42857142857144,4.285714285714286
48403,38.142857142857146,1.7142857142857142
19161,75.42857142857143,0
6067,8419,102.57142857142857
23023,39.714285714285715,0
26145,1677.4285714285713,124.28571428571429
8109,106.57142857142857,2
34033,848.5714285714286,81
51775,119.14285714285714,3
72123,127.42857142857143,0
5125,697.2857142857143,3
17165,71,0
20169,310.14285714285717,3.142857142857143
29195,361.7142857142857,6
31151,565.8571428571429,2
49035,17624.14285714286,152
45081,369.57142857142856,5.285714285714286
37163,1360.5714285714287,8.857142857142858
48405,144.42857142857142,11.571428571428571
6069,515.8571428571429,2
6071,26657.571428571428,362.57142857142856
6073,25948.428571428572,516.8571428571429
6075,5686.571428571428,55
72125,114.57142857142857,0
48407,131.71428571428572,2.4285714285714284
6077,9896.142857142857,106.85714285714286
8111,2,0
35045,2896,177
72127,1867.2857142857142,0
49037,566.8571428571429,19.285714285714285
53055,26.285714285714285,0
72129,106.57142857142857,0
6079,1481.857142857143,7.857142857142857
6081,4922.857142857143,115.71428571428571
8113,70.85714285714286,0
35047,36.57142857142857,0
48409,587.2857142857143,2
48411,16.428571428571427,0
72131,146.71428571428572,0
46111,12.285714285714286,0
30089,6.428571428571429,0
35043,982.1428571428571,32.42857142857143
39143,260,15
17167,757.7142857142857,33
26151,83.57142857142857,6
6083,5450.571428571428,32
6085,8672.57142857143,182
4023,2454.285714285714,46
6087,880.8571428571429,3.7142857142857144
35049,473.85714285714283,3
72133,76.71428571428571,0
12113,2314.8571428571427,18.571428571428573
12115,4822.428571428572,111.57142857142857
36091,668,17
38081,8.285714285714286,0
31153,1681,8
55111,264,3
31155,110.57142857142857,2
55113,21.142857142857142,0
36093,959.2857142857143,37
48413,32.714285714285715,1
13249,37,1
36095,66.28571428571429,0
26153,8,0
17169,14,0
29197,8.571428571428571,0
36097,20,0
42107,837,48.857142857142854
39145,120.42857142857143,0
29199,11,1
37165,217.42857142857142,2
5127,26.571428571428573,0
17171,5,0
18143,212.57142857142858,9.857142857142858
19163,1423.4285714285713,11
20171,21.714285714285715,0
21209,223.57142857142858,0
27139,1121.2857142857142,9.714285714285714
28123,919.4285714285714,16
29201,276.42857142857144,13
47151,44.57142857142857,0
51169,33.42857142857143,2.5714285714285716
31157,269.42857142857144,5.714285714285714
13251,145.28571428571428,8.571428571428571
48415,381,1
5129,21.428571428571427,0
5131,1316.7142857142858,12.285714285714286
8115,11,0
20173,3288.8571428571427,34.57142857142857
12117,5837,58.857142857142854
13253,85.28571428571429,2
40133,118.57142857142857,4.857142857142857
36099,81.71428571428571,0.8571428571428571
39147,97,2
47153,72.28571428571429,0
40135,128.85714285714286,3
5133,891,9
47155,1284.142857142857,4
20175,1148.7142857142858,4
31159,62.714285714285715,1
48417,16.285714285714285,0
29203,38.285714285714285,0
28125,93.71428571428571,0.2857142857142857
5135,87.42857142857143,5
6089,283.2857142857143,7.571428571428571
55115,123.57142857142857,0
20177,1258.5714285714287,16.428571428571427
55117,446.85714285714283,5
1117,2520.8571428571427,27.857142857142858
17173,34.285714285714285,1
18145,484.57142857142856,25
19165,129.85714285714286,0
21211,648.1428571428571,22
29205,9.142857142857142,0
39149,107,4
47157,17681.428571428572,261.14285714285717
48419,340.85714285714283,14.428571428571429
51171,656,40
27141,501.7142857142857,5
20179,7,0
30091,2.857142857142857,0
31161,8.571428571428571,0
38083,4.428571428571429,0
56033,40.57142857142857,0
20181,9,0
31163,5.142857142857143,0
41055,8,0
48421,34.857142857142854,0
26155,298.2857142857143,28
16079,38,0
27143,71.14285714285714,2
6091,1,0
35051,23.285714285714285,0
30093,34.285714285714285,0
21213,118.14285714285714,4.857142857142857
28127,596.4285714285714,10.857142857142858
19167,552.7142857142857,0.7142857142857143
31165,5.142857142857143,0
38085,48.42857142857143,0
6093,59.285714285714285,0
2220,18.285714285714285,0
53057,728.1428571428571,18.142857142857142
53059,45,1
38087,3,0
20183,3,0
28129,337.2857142857143,12
47159,274.14285714285717,2
48423,2035.5714285714287,12
51173,82.42857142857143,1.5714285714285714
53061,4631.428571428572,182.42857142857142
42109,85.57142857142857,2
35053,68.57142857142857,5
6095,3060.714285714286,35
23025,33.142857142857146,0.42857142857142855
24039,112.57142857142857,3
34035,5106.285714285715,553.4285714285714
42111,104.57142857142857,1.5714285714285714
48425,42.857142857142854,0
6097,2403,22.857142857142858
51175,215,11
2240,12.714285714285714,0
13255,712,34.857142857142854
45083,3335.714285714286,71.28571428571429
18147,99.14285714285714,1
21215,70,0
46115,17.571428571428573,0
53063,3066,46.714285714285715
51177,1210.142857142857,32.714285714285715
22087,907.8571428571429,23.428571428571427
22089,1161.857142857143,50
29183,2348,80.42857142857143
1115,934.5714285714286,6.857142857142857
17163,3017,152.28571428571428
26147,682.5714285714286,53
29185,12.142857142857142,0
55109,369.7142857142857,2
5123,1015.2857142857143,3
29187,221.85714285714286,2
22091,207.71428571428572,1
22093,553.4285714285714,30
22095,1233.2857142857142,88
12109,2797,18.142857142857142
18141,2699.714285714286,75
26149,488.57142857142856,6
22097,1757,68.14285714285714
36089,253.85714285714286,2.5714285714285716
27137,311.57142857142856,16.571428571428573
29189,10378.857142857143,624.2857142857143
29510,3790,163.71428571428572
12111,4160.428571428572,93.57142857142857
22099,1359.5714285714287,33.857142857142854
22101,1230.857142857143,40.285714285714285
24037,810.5714285714286,52.142857142857146
22103,4109.571428571428,191.42857142857142
20185,2,0
51179,1169.4285714285713,6.714285714285714
6099,7468.714285714285,82.57142857142857
46117,14,0
37167,748.2857142857143,8.285714285714286
20187,15,0
31167,24.285714285714285,0
17175,6.142857142857143,0
38089,135.28571428571428,3
39151,1471.142857142857,122.14285714285714
18149,145,4
48427,1548,20.857142857142858
51790,127.28571428571429,0
29186,34.857142857142854,1
27145,2695,19
27147,300,1
38091,7.714285714285714,0
13257,456.7142857142857,6
40137,137.42857142857142,1
48429,20.571428571428573,0.2857142857142857
17177,299.14285714285717,6
48431,1,0
18151,174.71428571428572,3
36101,285.57142857142856,41.857142857142854
20189,40.285714285714285,0
27149,14.571428571428571,0
53065,52.57142857142857,1
13259,236,4.428571428571429
47161,52.857142857142854,0
30095,15.428571428571429,0
29207,184.57142857142858,9
37169,210.85714285714286,1.5714285714285714
5137,40.142857142857146,1
28131,118.42857142857143,2
29209,53,0.8571428571428571
48433,4,0
32029,2.5714285714285716,0
19169,1016,10.571428571428571
33017,313.2857142857143,13
38093,89,2
56035,23.571428571428573,0
25025,20784.285714285714,1043.7142857142858
36103,42765.142857142855,1995.4285714285713
51800,859,45
18153,65.71428571428571,1
29211,124.42857142857143,0
33019,38,1
36105,1474.857142857143,48
42113,10,0
47163,519.7142857142857,6
46119,1,0
54089,3.142857142857143,0
8117,313.2857142857143,4
39153,2817.285714285714,212.14285714285714
49043,657.4285714285714,1
20191,81.14285714285714,2
47165,2771.285714285714,65.42857142857143
1119,332.7142857142857,14
12119,935.1428571428571,23.571428571428573
13261,687.2857142857143,54.714285714285715
45085,1984.2857142857142,37.142857142857146
28133,745.2857142857143,13.571428571428571
37171,736,4.428571428571429
51181,32.857142857142854,1
42115,203,26
10005,5454,185.28571428571428
34037,1266.4285714285713,195
51183,250.14285714285714,7
6101,596.1428571428571,4
48435,50.285714285714285,0.14285714285714285
12121,972.7142857142857,26.714285714285715
37173,88.28571428571429,2
30097,3.857142857142857,0.8571428571428571
56037,208.71428571428572,0
27151,47.857142857142854,1
48437,70.42857142857143,1.1428571428571428
18155,36.714285714285715,0
13263,114.57142857142857,3
24041,288.42857142857144,4
13265,5.285714285714286,0
1121,676.4285714285714,8.285714285714286
28135,331.57142857142856,4.857142857142857
1123,743.5714285714286,76.14285714285714
19171,516.4285714285714,29
29213,225.71428571428572,3
22105,2668.5714285714284,53.285714285714285
35055,80.14285714285714,1
48439,24265.428571428572,326.14285714285717
28137,536.7142857142857,18.857142857142858
13267,305.2857142857143,0.42857142857142855
12123,247.85714285714286,2.5714285714285716
13269,56,2
19173,87.71428571428571,0
21217,76.42857142857143,1
48441,986.7142857142857,13.571428571428571
54091,35.857142857142854,0
55119,37.714285714285715,0
17179,259.14285714285717,8
51185,59.142857142857146,0
6103,177.85714285714286,1
13271,229.85714285714286,4.857142857142857
8119,91.42857142857143,2
22107,46.857142857142854,0
22109,2314.1428571428573,69.85714285714286
13273,271.85714285714283,29
48443,2,0
48445,77.85714285714286,0.2857142857142857
16081,49.857142857142854,0
30099,15,0
56039,260.57142857142856,0
29215,19,0
40139,1013.8571428571429,7
31169,23.285714285714285,0
13275,797.8571428571429,37
20193,24.571428571428573,0
31171,1,0
48447,2,0
31173,185.85714285714286,2.4285714285714284
53067,516.5714285714286,5.571428571428571
13277,1124.7142857142858,32.714285714285715
41057,23.714285714285715,0
40141,40.57142857142857,1
36107,176.71428571428572,24
42117,33.714285714285715,2
28139,223.14285714285714,11
18157,938.5714285714286,10.857142857142858
18159,64.42857142857143,2
47167,894.2857142857143,8
28141,204.71428571428572,2.857142857142857
48449,1122.7142857142858,6.571428571428571
72135,319.57142857142856,0
72137,309.7142857142857,0
21219,30.571428571428573,0
27153,406.85714285714283,2
46121,65.85714285714286,3
9013,955.7142857142857,65
48451,1843.7142857142858,16.428571428571427
36109,217.71428571428572,0
49045,470.2857142857143,0
30101,31,6
13279,475.57142857142856,6
35057,52.285714285714285,1
38095,4.428571428571429,0
13281,93.71428571428571,1
38097,34.142857142857146,0
37175,103.57142857142857,1
27155,9,0
48453,18839.714285714286,223.42857142857142
30103,2,0
20195,5,0
55121,251.42857142857142,1
13283,70.71428571428571,2
21221,42.714285714285715,0
21223,26.142857142857142,0
6105,3,0
48455,113.42857142857143,0.2857142857142857
46123,19.428571428571427,0
13285,2023.7142857142858,50.285714285714285
47169,1555.7142857142858,6
72139,310.57142857142856,0
39155,1255.857142857143,91.28571428571429
54093,7.428571428571429,0
6107,7966.142857142857,168.57142857142858
40143,7146.142857142857,89
28143,173.85714285714286,3.5714285714285716
6109,118.71428571428571,0
13287,205.14285714285714,18
46125,38.142857142857146,0
1125,3421,57.142857142857146
39157,709.4285714285714,11
26157,264.7142857142857,27
13289,64,1.4285714285714286
16083,1004.5714285714286,26.142857142857142
48457,72.14285714285714,0.2857142857142857
54095,10.571428571428571,0
37177,83.42857142857143,1
56041,229.42857142857142,0
36111,1915,89.71428571428571
41059,1561.4285714285713,13.857142857142858
90001,1654.857142857143,41.42857142857143
90002,0,0
90004,1.1428571428571428,0
90005,1348.2857142857142,0
90006,0,0
90009,229.71428571428572,0
90010,175.28571428571428,9.571428571428571
90012,451.85714285714283,0
90013,2041,6.285714285714286
90015,0,0
90016,0,0
90017,1260.2857142857142,192.42857142857142
90018,0,196.57142857142858
90019,6.857142857142857,0
90020,0,1
90021,3,0
90022,9.142857142857142,64
90023,4.857142857142857,0
90024,0,14
90025,321.57142857142856,6
90026,13.714285714285714,0
90027,145.42857142857142,40
90028,0,0
90029,0,0
90030,0,0
90031,130.14285714285714,0.8571428571428571
90032,0,0
90033,0,0
90034,686.2857142857143,0
90035,994.5714285714286,0
90036,0,0
90037,0,0
90038,0,0
90039,0,0
90040,22.428571428571427,0.14285714285714285
90041,0,0
90042,0,0
72999,329.2857142857143,192.42857142857142
90044,1643.2857142857142,1000.5714285714286
90045,0,0
90046,0,0.2857142857142857
90047,2568.714285714286,2.7142857142857144
90048,0,11.571428571428571
90049,0,0
90050,7,0
90051,0,0
90053,163,0.42857142857142855
90054,0,0
90055,0,0
90056,0.14285714285714285,24
47171,86.28571428571429,0
5139,352.2857142857143,14.714285714285714
12125,183.14285714285714,3.4285714285714284
13291,160.14285714285714,5.142857142857143
17181,260.2857142857143,21
18161,21.142857142857142,0
19175,61,1
21225,43.714285714285715,0
22111,530.1428571428571,30.714285714285715
28145,382.2857142857143,11.714285714285714
34039,16364.857142857143,1344.7142857142858
35059,19,0
37179,2402.285714285714,34.42857142857143
39159,168.85714285714286,1
41061,385,2
42119,117.57142857142857,2
45087,253.14285714285714,0.7142857142857143
46127,170.85714285714286,2
47173,69.42857142857143,0
48459,150.57142857142858,0.5714285714285714
54097,34.857142857142854,0
13293,437.85714285714283,45
48461,13.142857142857142,0.14285714285714285
49049,6922,31
72141,47.42857142857143,0
48463,386,4.714285714285714
48465,1064.5714285714287,14
2261,33.42857142857143,0
35061,293.7142857142857,2.2857142857142856
16085,40.857142857142854,1
30105,7,0
31175,9,0
5141,41.714285714285715,2
19177,22.571428571428573,1
26159,343.57142857142856,9.857142857142858
47175,19.714285714285715,0
39161,59,1
48467,284.42857142857144,3.142857142857143
37181,665.1428571428571,40
18163,1334.5714285714287,6.714285714285714
72143,139,0
72145,237.42857142857142,0
42121,53.57142857142857,0
6111,6246.857142857143,65.14285714285714
17183,158.85714285714286,2
22113,1001.2857142857143,12.571428571428571
18165,20.857142857142858,0
22115,531,17.428571428571427
29217,43.57142857142857,0
55123,46.714285714285715,0
48469,2750.285714285714,25
72147,31,0
18167,344.14285714285717,9
55125,21.428571428571427,0
72149,67,0
39163,25.714285714285715,2
51810,3240.5714285714284,40.857142857142854
12127,5953.285714285715,94.14285714285714
17185,24.857142857142858,0
18169,137.71428571428572,3
27157,62.57142857142857,0
20197,40,0
27159,20,0
40145,541.8571428571429,19.428571428571427
53069,5.571428571428571,0
37183,9628.857142857143,103
12129,431.85714285714283,1
23027,60,14
1127,1325.4285714285713,54.42857142857143
13295,440.14285714285717,14
48471,2682.714285714286,31.285714285714285
53071,326.85714285714283,3.142857142857143
48473,338,1.4285714285714286
41063,18,1
38099,89.42857142857143,0
28147,381.2857142857143,14.428571428571429
12131,971.1428571428571,11.285714285714286
13297,718.7142857142857,32
46129,18,0
55127,1012.5714285714286,20
19179,777.2857142857143,31
38101,133.14285714285714,1
48475,72.14285714285714,1.2857142857142858
13299,962.4285714285714,18.285714285714285
13301,44.57142857142857,0
17187,162.57142857142858,0
18171,18.285714285714285,1
19181,445.2857142857143,1
21227,2141,20.142857142857142
28149,808.8571428571429,23.142857142857142
29219,110.28571428571429,0
34041,1302,169.57142857142858
36113,291.2857142857143,33
37185,218.71428571428572,6
39165,1352.4285714285713,29.285714285714285
42123,14,1
47177,273.85714285714283,3
51187,340,7.285714285714286
18173,401.42857142857144,29
49051,505.7142857142857,4
41065,138.85714285714286,3
27161,105.42857142857143,0
56043,44.857142857142854,0
55129,9.285714285714286,0
1129,255,9.571428571428571
5143,5516.571428571428,39.714285714285715
8121,46,0
12133,396.57142857142856,13
13303,296.14285714285717,1
16087,161,2
17189,41,0
18175,81.85714285714286,1
19183,275.7142857142857,9
20201,2,0
21229,46.142857142857146,0
22117,1060.142857142857,54.857142857142854
23029,6,0
24043,846.4285714285714,29.428571428571427
27163,1605.2857142857142,40.714285714285715
28151,1201.142857142857,21.857142857142858
29221,43.42857142857143,1
31177,84.28571428571429,1
36115,252,14
37187,94.71428571428571,3
39167,175.71428571428572,21
40147,517.1428571428571,39
41067,2401,22
42125,635.5714285714286,10
44009,572.5714285714286,0
47179,594.5714285714286,0
48477,431.14285714285717,34.142857142857146
50023,46,1
51191,129.42857142857142,4
55131,652.8571428571429,19
40149,14.857142857142858,0
32031,4468.571428571428,105.14285714285714
26161,2216.5714285714284,110
37189,210.42857142857142,0
27165,286,0
55133,2764.4285714285716,42.42857142857143
55135,276.14285714285717,14
55137,62.57142857142857,0
13305,481.42857142857144,1.5714285714285714
17191,28.142857142857142,1
18177,242.28571428571428,7
19185,12.571428571428571,1
21231,46,0
26163,25781.571428571428,2784.285714285714
28153,667.2857142857143,21
29223,9,0
31179,35.142857142857146,0
36117,238.42857142857142,3
37191,2196.5714285714284,35.57142857142857
39169,431.2857142857143,57.42857142857143
42127,151.14285714285714,8
47181,172.28571428571428,0.5714285714285714
54099,169.28571428571428,9
51820,157.57142857142858,2
47183,130.85714285714286,1.1428571428571428
48479,4653.285714285715,80.71428571428571
13307,35.42857142857143,2
19187,588.2857142857143,5
21233,71.28571428571429,0.8571428571428571
22119,737.7142857142857,12
28155,157.14285714285714,11
29225,90.85714285714286,1
31181,9.571428571428571,0
54101,2.7142857142857144,0
8123,3348.4285714285716,139
18179,108.85714285714286,1
38103,12.142857142857142,0
22121,520.2857142857143,33
22123,216.71428571428572,5
22125,314.57142857142856,14.857142857142858
36119,35700.57142857143,1442.4285714285713
42129,1254.142857142857,41.857142857142854
51193,188.14285714285714,2
56045,4.142857142857143,0
54103,41.42857142857143,0
26165,55.42857142857143,4
48481,475.14285714285717,5.142857142857143
53073,825.4285714285714,37
30107,2,0
13309,78.57142857142857,0.2857142857142857
31183,0.42857142857142855,0
48483,29.285714285714285,0
5145,198.14285714285714,2
13311,244.71428571428572,5
17193,39.142857142857146,0
18181,316,10
47185,148.85714285714286,3
32033,11,1
17195,264.42857142857144,16
13313,2530.714285714286,22.714285714285715
18183,129.14285714285714,6
21235,86.57142857142857,0.7142857142857143
53075,58,0
30109,1,0
20203,1.5714285714285714,0
48485,799.1428571428571,9
24045,1219.5714285714287,42
48487,31.142857142857142,0.14285714285714285
1131,373.2857142857143,9
13315,149.57142857142858,17.285714285714285
13317,157.28571428571428,3
37193,683.4285714285714,7.857142857142857
27167,23.285714285714285,3
13319,151,9.857142857142858
28157,141.71428571428572,11.857142857142858
17197,7968.857142857143,337.42857142857144
48489,540.8571428571429,5.571428571428571
38105,187.28571428571428,1.5714285714285714
39171,100.85714285714286,3
45089,714.1428571428571,18
51830,100,6
17199,239.14285714285714,4
47187,2771.8571428571427,20.285714285714285
48491,5188,88.57142857142857
20205,6.285714285714286,0
37195,1249.7142857142858,29
47189,1768.7142857142858,19.714285714285715
48493,389.85714285714283,7
51840,383.57142857142856,4
9015,657.8571428571429,15
50025,100.42857142857143,3
50027,68.57142857142857,2
48495,62.142857142857146,0.14285714285714285
22127,348.2857142857143,5.571428571428571
17201,3452.4285714285716,114.28571428571429
19189,64,0
55139,917,15.571428571428571
19191,67,1
27169,203,16
1133,372.14285714285717,9.428571428571429
28159,462.57142857142856,13.857142857142858
54105,6,0
48497,262.7142857142857,4.857142857142857
51195,61.142857142857146,3
21237,7.428571428571429,0
39173,689,54.57142857142857
48499,220.28571428571428,5.428571428571429
54107,218,3
55141,155,1
19193,3526.8571428571427,46.857142857142854
17203,67.85714285714286,3
21239,107.28571428571429,0
5147,17,0
40151,14,0
20207,11,0
40153,25.714285714285715,0
24047,466.7142857142857,18
25027,13015.714285714286,975.7142857142857
13321,391,22.857142857142858
19195,48,0
29227,5,0
2275,3.5714285714285716,0
19197,425.42857142857144,1
27171,679.5714285714286,4.428571428571429
29229,52.57142857142857,0
39175,88.42857142857143,5
20209,3955.4285714285716,90.57142857142857
36121,109,5
42131,55,7
54109,13.142857142857142,0
51197,84.57142857142857,2.4285714285714284
72151,70.85714285714286,0
37197,438,6
53077,9469.57142857143,194.71428571428572
28161,265.85714285714283,9.142857142857142
41071,263.85714285714283,9
37199,91.42857142857143,0
46135,95.57142857142857,2
36123,51.142857142857146,7
72153,165.71428571428572,0
4025,1516.5714285714287,51.714285714285715
28163,671.5714285714286,8.428571428571429
5149,945.5714285714286,13.857142857142858
27173,39.142857142857146,0
30111,813.5714285714286,20.285714285714285
48501,60.42857142857143,0.8571428571428571
6113,1310.7142857142858,36.285714285714285
23031,610.8571428571429,12
31185,61.57142857142857,0
42133,2118.714285714286,78.28571428571429
45091,2706.285714285714,20
51199,257.7142857142857,3
48503,90.57142857142857,1.2857142857142858
6115,340.7142857142857,3
2290,37.285714285714285,0.14285714285714285
4027,9995.285714285714,212.71428571428572
8125,56.42857142857143,0
48505,118.57142857142857,1
48507,130.14285714285714,0.42857142857142855
46137,4.714285714285714,0
88888,49,0
99999,103,3
66,335.14285714285717,5
69,38.857142857142854,2
78,340,6.857142857142857
40129,5.142857142857143,0
2070,1,0
16061,1,0
41069,0,0
